titre_initiative,resume_initiative,tag_besoin_niv1_code,tag_besoin_niv2_code,tag_produit_niv1_code,tag_produit_niv2_code,tag_structure_niv1_code,nom_structure,url_initiative,contact_mail,contact_tel,materiel_utilise,machine_utilisee,capacite_production,version,adresse,code_postal,ville,pays,url_illustration,commentaires,source,est_actif,langue,auteur_data,validation,notes_validation,a_publier,date_maj,lat,lon,result_label,result_score,result_type,result_id,result_housenumber,result_name,result_street,result_postcode,result_city,result_context,result_citycode,result_oldcitycode,result_oldcity,result_district,DEPARTEMENT
Pangloss Labs,,DIY,PROTECTION,DIY/FABLAB,,ENTREPRISE,,https://panglosslabs.org/,Paul Bristow / Guillame,04 50 59 07 83,,,,,12bis Residence Joseph Boisson  Rue de Gex  01210 Ferney-Voltaire,,Ferney-Voltaire,France,,Paul Bristow / Guillame,https://docs.google.com/spreadsheets/d/1AuFOZjWxkcBIKoZVbi31pURp7h0B0VY9O9Rmct-_KU4/edit?usp=sharing,,,JPy,,,OUI,30/03/2020,46.259082,6.106872,12 bis Rue de Gex 01210 Ferney-Voltaire,0.47,housenumber,01160_0160_00012_bis,12 bis,Rue de Gex,,1210,Ferney-Voltaire,"01, Ain, Auvergne-Rhône-Alpes",1160,,,,01
LAB01,,DIY,PROTECTION,DIY/FABLAB,,ENTREPRISE,,http://www.lab01.fr/,Isabelle Radtke,No Phone,,,,,46-48 Rue Gustave Noblemaire  01500 Ambérieu-en-Bugey,,Ambérieu-en-Bugey,France,,Isabelle Radtke,https://docs.google.com/spreadsheets/d/1AuFOZjWxkcBIKoZVbi31pURp7h0B0VY9O9Rmct-_KU4/edit?usp=sharing,,,JPy,,,OUI,30/03/2020,45.954545,5.345207,48 Rue Gustave Noblemaire 01500 Ambérieu-en-Bugey,0.67,housenumber,01004_0360_00048,48,Rue Gustave Noblemaire,,1500,Ambérieu-en-Bugey,"01, Ain, Auvergne-Rhône-Alpes",1004,,,,01
Atallier,,DIY,PROTECTION,DIY/FABLAB,,ENTREPRISE,,https://atallier.eu/,Ludovic Leblanc,09 62 59 93 47,,,,,40 Cours de Bercy  03000 Moulins,,Moulins,France,,Ludovic Leblanc,https://docs.google.com/spreadsheets/d/1AuFOZjWxkcBIKoZVbi31pURp7h0B0VY9O9Rmct-_KU4/edit?usp=sharing,,,JPy,,,OUI,30/03/2020,46.569936,3.32727,40 Cours de Bercy 03000 Moulins,0.76,housenumber,03190_0240_00040,40,Cours de Bercy,,3000,Moulins,"03, Allier, Auvergne-Rhône-Alpes",3190,,,,03
Ecocentre varennes,,DIY,PROTECTION,DIY/FABLAB,,ENTREPRISE,,https://www.varennes-ecocentre.fr/fablab/,Matthieu Dupont,04 43 50 00 25,,,,,23 Rue Marius Courteix  03150 Varennes-sur-Allier,,Varennes-sur-allier,France,,Matthieu Dupont,https://docs.google.com/spreadsheets/d/1AuFOZjWxkcBIKoZVbi31pURp7h0B0VY9O9Rmct-_KU4/edit?usp=sharing,,,JPy,,,OUI,30/03/2020,46.315553,3.388407,23 Rue Marius Courteix 03150 Varennes-sur-Allier,0.67,housenumber,03298_0820_00023,23,Rue Marius Courteix,,3150,Varennes-sur-Allier,"03, Allier, Auvergne-Rhône-Alpes",3298,,,,03
Bocage numérique (Le Maziers),,DIY,PROTECTION,DIY/FABLAB,,ENTREPRISE,,https://www.facebook.com/lemazier.bocagenumerique/,Charline Lavenue,,,,,,19 Rue de la République  03160 Bourbon-l'Archambault,,Bourbon-l'Archambault,France,,Charline Lavenue,https://docs.google.com/spreadsheets/d/1AuFOZjWxkcBIKoZVbi31pURp7h0B0VY9O9Rmct-_KU4/edit?usp=sharing,,,JPy,,,OUI,30/03/2020,46.585693,3.058411,19 Rue de la République 03160 Bourbon-l'Archambault,0.67,housenumber,03036_0940_00019,19,Rue de la République,,3160,Bourbon-l'Archambault,"03, Allier, Auvergne-Rhône-Alpes",3036,,,,03
FabLab Lapalisse,,DIY,PROTECTION,DIY/FABLAB,,ENTREPRISE,,https://www.fablablapalisse.fr/,Marjolaine,04 43 50 00 25,,,,,26 Rue Winston Churchill  03120 Lapalisse,,Lapalisse,France,,Marjolaine,https://docs.google.com/spreadsheets/d/1AuFOZjWxkcBIKoZVbi31pURp7h0B0VY9O9Rmct-_KU4/edit?usp=sharing,,,JPy,,,OUI,30/03/2020,46.248925,3.635162,26 Rue Winston Churchill 03120 Lapalisse,0.76,housenumber,03138_0980_00026,26,Rue Winston Churchill,,3120,Lapalisse,"03, Allier, Auvergne-Rhône-Alpes",3138,,,,03
Caplab,,DIY,PROTECTION,DIY/FABLAB,,ENTREPRISE,,https://caplab07.fr/,,,,,,,10 Boulevard de Lancelot  07000 Privas,,Privas,France,,,https://docs.google.com/spreadsheets/d/1AuFOZjWxkcBIKoZVbi31pURp7h0B0VY9O9Rmct-_KU4/edit?usp=sharing,,,JPy,,,OUI,30/03/2020,44.731518,4.599571,10 Boulevard de Lancelot 07000 Privas,0.8,housenumber,07186_0486_00010,10,Boulevard de Lancelot,,7000,Privas,"07, Ardèche, Auvergne-Rhône-Alpes",7186,,,,07
Cocotte Numérique,,DIY,PROTECTION,DIY/FABLAB,,ENTREPRISE,,http://www.cocotte-numerique.fr/,Kevin Goubault,07 70 16 39 86,,,,,4 Rue du Faubourg Notre Dame  15300 Murat,,Murat,France,,Kevin Goubault,https://docs.google.com/spreadsheets/d/1AuFOZjWxkcBIKoZVbi31pURp7h0B0VY9O9Rmct-_KU4/edit?usp=sharing,,,JPy,,,OUI,30/03/2020,45.11087,2.869814,4 Rue du Faubourg Nôtre-dame 15300 Murat,0.82,housenumber,15138_0460_00004,4,Rue du Faubourg Nôtre-dame,,15300,Murat,"15, Cantal, Auvergne-Rhône-Alpes",15138,15138,Murat,,15
8 Fablab,,DIY,PROTECTION,DIY/FABLAB,,ENTREPRISE,,https://www.8fablab.fr/,Maryline Chasles,04 75 55 14 78,,,,,Rue Courre Commere  26400 Crest,,Crest,France,,Maryline Chasles,https://docs.google.com/spreadsheets/d/1AuFOZjWxkcBIKoZVbi31pURp7h0B0VY9O9Rmct-_KU4/edit?usp=sharing,,,JPy,,,OUI,30/03/2020,44.728458,5.023483,Rue Courre Commere 26400 Crest,0.79,street,26108_0410,,Rue Courre Commere,,26400,Crest,"26, Drôme, Auvergne-Rhône-Alpes",26108,,,,26
Convergences 26,,DIY,PROTECTION,DIY/FABLAB,,ENTREPRISE,,http://www.convergences26.fr/,Claude Charay,,,,,,2 Place Léopold Blanc Anciennement  place du chapeau rouge  26200 Montélimar,,Montélimar,France,,Claude Charay,https://docs.google.com/spreadsheets/d/1AuFOZjWxkcBIKoZVbi31pURp7h0B0VY9O9Rmct-_KU4/edit?usp=sharing,,,JPy,,,OUI,30/03/2020,,,,,,,,,,,,,,,,,
La Casmate,,DIY,PROTECTION,DIY/FABLAB,,ENTREPRISE,,https://lacasemate.fr/,,04 77 62 63 08,,,,,2 Place Saint-Laurent,,Grenoble,France,,,https://docs.google.com/spreadsheets/d/1AuFOZjWxkcBIKoZVbi31pURp7h0B0VY9O9Rmct-_KU4/edit?usp=sharing,,,JPy,,,OUI,30/03/2020,45.197919,5.731844,2 Place Saint Laurent 38000 Grenoble,0.96,housenumber,38185_6230_00002,2,Place Saint Laurent,,38000,Grenoble,"38, Isère, Auvergne-Rhône-Alpes",38185,,,,38
Luz’in,,DIY,PROTECTION,DIY/FABLAB,,ENTREPRISE,,http://www.luzin.net/,Julia Sorlin,,,,,,3 rue des Muriers  ZA de Rhodes,,La Tour-du-Pin,France,,Julia Sorlin,https://docs.google.com/spreadsheets/d/1AuFOZjWxkcBIKoZVbi31pURp7h0B0VY9O9Rmct-_KU4/edit?usp=sharing,,,JPy,,,OUI,30/03/2020,45.563714,5.436539,Rue des Muriers 38110 La Tour-du-Pin,0.64,street,38509_0625,,Rue des Muriers,,38110,La Tour-du-Pin,"38, Isère, Auvergne-Rhône-Alpes",38509,,,,38
CNRS LIG,,DIY,PROTECTION,DIY/FABLAB,,ENTREPRISE,,https://www.liglab.fr/,,04 57 42 14 00,,,,,Bâtiment IMAG - 700 avenue Centrale - Domaine Universitaire,,Saint-Martin-d'Hères,France,,,https://docs.google.com/spreadsheets/d/1AuFOZjWxkcBIKoZVbi31pURp7h0B0VY9O9Rmct-_KU4/edit?usp=sharing,,,JPy,,,OUI,30/03/2020,45.191738,5.763005,Avenue Centrale 38400 Saint-Martin-d'Hères,0.47,street,38421_0118,,Avenue Centrale,,38400,Saint-Martin-d'Hères,"38, Isère, Auvergne-Rhône-Alpes",38421,,,,38
Chantier Libre,,DIY,PROTECTION,DIY/FABLAB,,ENTREPRISE,,https://www.chantierlibre.org/,Matthieu Dupont,04 77 62 63 08,,,,,Place de la Gare  42123 Saint-Cyr-de-Favières,,Roanne,France,,Matthieu Dupont,https://docs.google.com/spreadsheets/d/1AuFOZjWxkcBIKoZVbi31pURp7h0B0VY9O9Rmct-_KU4/edit?usp=sharing,,,JPy,,,OUI,30/03/2020,45.973993,4.13159,Place de la Gare 42123 Saint-Cyr-de-Favières,0.81,street,42212_0082,,Place de la Gare,,42123,Saint-Cyr-de-Favières,"42, Loire, Auvergne-Rhône-Alpes",42212,,,,42
Lab du Pensio,,DIY,PROTECTION,DIY/FABLAB,,ENTREPRISE,,https://www.paysvelay.fr/politiques-partenariales/le-lab-du-pensio-fablab/,Adelaïde Kissi,04 71 06 66 24,,,,,,,Puy-en-Velay,France,,Adelaïde Kissi,https://docs.google.com/spreadsheets/d/1AuFOZjWxkcBIKoZVbi31pURp7h0B0VY9O9Rmct-_KU4/edit?usp=sharing,,,JPy,,,OUI,30/03/2020,45.02672,3.89771,Le Puy-en-Velay,0.75,municipality,43157,,Le Puy-en-Velay,,43000,Le Puy-en-Velay,"43, Haute-Loire, Auvergne-Rhône-Alpes",43157,,,,43
Acolab,,DIY,PROTECTION,DIY/FABLAB,,ENTREPRISE,,https://acolab.fr/,https://acolab.fr/contact/,,,,,,2 Rue du Clos Perret  63100 Clermont-Ferrand,63000,Clermont-Ferrand,France,,https://acolab.fr/contact/,https://docs.google.com/spreadsheets/d/1AuFOZjWxkcBIKoZVbi31pURp7h0B0VY9O9Rmct-_KU4/edit?usp=sharing,,,JPy,,,OUI,30/03/2020,45.794698,3.074621,2 Rue du Clos Perret 63100 Clermont-Ferrand,0.64,housenumber,63113_1085_00002,2,Rue du Clos Perret,,63100,Clermont-Ferrand,"63, Puy-de-Dôme, Auvergne-Rhône-Alpes",63113,,,,63
Sigmake,,DIY,PROTECTION,DIY/FABLAB,,ENTREPRISE,,https://sigmake.jimdofree.com/,Nicolas Blanchard,04 73 28 80 92,,,,,"Plateforme Technologique Mécanique
Campus des Cézeaux
CS 20265 - 63178 Aubière Cedex",63000,Clermont-Ferrand,France,,Nicolas Blanchard,https://docs.google.com/spreadsheets/d/1AuFOZjWxkcBIKoZVbi31pURp7h0B0VY9O9Rmct-_KU4/edit?usp=sharing,,,JPy,,,OUI,30/03/2020,45.760002,3.101393,Rue des Cézeaux 63000 Clermont-Ferrand,0.36,street,63113_v502yt,,Rue des Cézeaux,,63000,Clermont-Ferrand,"63, Puy-de-Dôme, Auvergne-Rhône-Alpes",63113,,,,63
Protolab,,DIY,PROTECTION,DIY/FABLAB,,ENTREPRISE,,https://arrieu.wixsite.com/protolab/protolab,Arrieu Flo,04 73 17 36 10,,,,,25 Rue Kessler  63000 Clermont-Ferrand,,Clermont-Ferrand,France,,Arrieu Flo,https://docs.google.com/spreadsheets/d/1AuFOZjWxkcBIKoZVbi31pURp7h0B0VY9O9Rmct-_KU4/edit?usp=sharing,,,JPy,,,OUI,30/03/2020,45.768355,3.087234,25 Rue Kessler 63000 Clermont-Ferrand,0.67,housenumber,63113_2550_00025,25,Rue Kessler,,63000,Clermont-Ferrand,"63, Puy-de-Dôme, Auvergne-Rhône-Alpes",63113,,,,63
La Machinerie d'Alex,,DIY,PROTECTION,DIY/FABLAB,,ENTREPRISE,,https://lamachineriedalex.wordpress.com/,Marion Dugenet,04 73 85 06 64,,,,,3 Rue du Collège  63700 Saint-Éloy-les-Mines,,St.Eloy les Mines,France,,Marion Dugenet,https://docs.google.com/spreadsheets/d/1AuFOZjWxkcBIKoZVbi31pURp7h0B0VY9O9Rmct-_KU4/edit?usp=sharing,,,JPy,,,OUI,30/03/2020,46.162141,2.823689,3 Rue du College 63700 Saint-Éloy-les-Mines,0.67,housenumber,63338_0244_00003,3,Rue du College,,63700,Saint-Éloy-les-Mines,"63, Puy-de-Dôme, Auvergne-Rhône-Alpes",63338,,,,63
MakerLab EM Lyon,,DIY,PROTECTION,DIY/FABLAB,,ENTREPRISE,,https://makerslab.em-lyon.com/,Mathieu Geiler,04 78 33 78 00,,,,,23 Avenue Guy de Collongue,,Écully,France,,Mathieu Geiler,https://docs.google.com/spreadsheets/d/1AuFOZjWxkcBIKoZVbi31pURp7h0B0VY9O9Rmct-_KU4/edit?usp=sharing,,,JPy,,,OUI,30/03/2020,45.786682,4.764766,23 Avenue Guy de Collongue 69130 Écully,0.95,housenumber,69081_0305_00023,23,Avenue Guy de Collongue,,69130,Écully,"69, Rhône, Auvergne-Rhône-Alpes",69081,,,,69
Fabrique d'Objets Libres,,DIY,PROTECTION,DIY/FABLAB,,ENTREPRISE,,http://www.fablab-lyon.fr/,,,,,,,36 Bd Edouard Herriot  69800 Saint-Priest,,Lyon,France,,,https://docs.google.com/spreadsheets/d/1AuFOZjWxkcBIKoZVbi31pURp7h0B0VY9O9Rmct-_KU4/edit?usp=sharing,,,JPy,,,OUI,30/03/2020,45.694809,4.940014,Boulevard Edouard Herriot 69800 Saint-Priest,0.66,street,69290_0520,,Boulevard Edouard Herriot,,69800,Saint-Priest,"69, Rhône, Auvergne-Rhône-Alpes",69290,,,,69
La Miète,,DIY,PROTECTION,DIY/FABLAB,,ENTREPRISE,,http://lamiete.com/,"Angèle Van Hamme
",09 53 22 61 07,,,,,150 rue du 4 août 1789,69100,Villeurbanne,France,,"Angèle Van Hamme
",https://docs.google.com/spreadsheets/d/1AuFOZjWxkcBIKoZVbi31pURp7h0B0VY9O9Rmct-_KU4/edit?usp=sharing,,,JPy,,,OUI,30/03/2020,45.764489,4.88979,150 Rue du 4 Août 1789 69100 Villeurbanne,0.96,housenumber,69266_pxp9k7_00150,150,Rue du 4 Août 1789,,69100,Villeurbanne,"69, Rhône, Auvergne-Rhône-Alpes",69266,,,,69
Le Prototype,,DIY,PROTECTION,DIY/FABLAB,,ENTREPRISE,,https://leprototype.info/,Laurent,,,,,,"479 chemin du Violet
73230 SAINT-ALBAN LEYSSE",,Chambery,France,,Laurent,https://docs.google.com/spreadsheets/d/1AuFOZjWxkcBIKoZVbi31pURp7h0B0VY9O9Rmct-_KU4/edit?usp=sharing,,,JPy,,,OUI,30/03/2020,45.576036,5.969076,479 Che du Violet 73230 Saint-Alban-Leysse,0.74,housenumber,73222_0420_00479,479,Che du Violet,,73230,Saint-Alban-Leysse,"73, Savoie, Auvergne-Rhône-Alpes",73222,,,,73
FabLac,,DIY,PROTECTION,DIY/FABLAB,,,,https://fablac.fr/,Paddy,No Phone,,,,,2 place de l'église,,Anthy-sur-Léman,France,,Paddy,https://docs.google.com/spreadsheets/d/1AuFOZjWxkcBIKoZVbi31pURp7h0B0VY9O9Rmct-_KU4/edit?usp=sharing,,,JPy,,,OUI,30/03/2020,46.355562,6.426128,2 Pl de l'Eglise 74200 Anthy-sur-Léman,0.81,housenumber,74013_0105_00002,2,Pl de l'Eglise,,74200,Anthy-sur-Léman,"74, Haute-Savoie, Auvergne-Rhône-Alpes",74013,,,,74
Kelle Fabrik,,DIY,PROTECTION,DIY/FABLAB,,ENTREPRISE,,https://kellefabrik.org/,Thibaut,06 74 71 17 77,,,,,2 rue des corroyeurs - boîte PP2,21000,Dijon,France,,Thibaut,https://docs.google.com/spreadsheets/d/1AuFOZjWxkcBIKoZVbi31pURp7h0B0VY9O9Rmct-_KU4/edit?usp=sharing,,,JPy,,,OUI,30/03/2020,47.315282,5.031579,2 Rue des Corroyeurs 21000 Dijon,0.74,housenumber,21231_2280_00002,2,Rue des Corroyeurs,,21000,Dijon,"21, Côte-d'Or, Bourgogne-Franche-Comté",21231,,,,21
LAB'Aux,,DIY,PROTECTION,DIY/FABLAB,,ENTREPRISE,,https://labaux.org,Nicolas B,06 95 51 92 52,,,,,43 rue de Vigne,21140,Semur en Auxois,France,,Nicolas B,https://docs.google.com/spreadsheets/d/1AuFOZjWxkcBIKoZVbi31pURp7h0B0VY9O9Rmct-_KU4/edit?usp=sharing,,,JPy,,,OUI,30/03/2020,47.495082,4.335442,43 Rue de Vigne 21140 Semur-en-Auxois,0.95,housenumber,21603_1500_00043,43,Rue de Vigne,,21140,Semur-en-Auxois,"21, Côte-d'Or, Bourgogne-Franche-Comté",21603,,,,21
French Makers,,DIY,PROTECTION,DIY/FABLAB,,ENTREPRISE,,https://www.frenchmakers.com/,,03 81 63 18 32,,,,,17 rue Xavier Marmier,25000,Besançon,France,,,https://docs.google.com/spreadsheets/d/1AuFOZjWxkcBIKoZVbi31pURp7h0B0VY9O9Rmct-_KU4/edit?usp=sharing,,,JPy,,,OUI,30/03/2020,47.242,6.0075,17 Rue Xavier Marmier 25000 Besançon,0.96,housenumber,25056_5380_00017,17,Rue Xavier Marmier,,25000,Besançon,"25, Doubs, Bourgogne-Franche-Comté",25056,,,,25
"
FabLab Planoise ",,DIY,PROTECTION,DIY/FABLAB,,ENTREPRISE,,https://epn.besancon.fr/?location=fablab-planoise,,,,,,,,,,France,,,https://docs.google.com/spreadsheets/d/1AuFOZjWxkcBIKoZVbi31pURp7h0B0VY9O9Rmct-_KU4/edit?usp=sharing,,,JPy,,,OUI,30/03/2020,,,,,,,,,,,,,,,,,
Atelier Made in iKi - FabLab Bresse du Jura,,DIY,PROTECTION,DIY/FABLAB,,ENTREPRISE,,http://madeiniki.org/,"Jean-Philippe CLERC
",07 68 50 67 39,,,,,5  place du général Michelin,39140,Commenaille,France,,"Jean-Philippe CLERC
",https://docs.google.com/spreadsheets/d/1AuFOZjWxkcBIKoZVbi31pURp7h0B0VY9O9Rmct-_KU4/edit?usp=sharing,,,JPy,,,OUI,30/03/2020,46.802739,5.451784,5 Place du General Michelin 39140 Commenailles,0.92,housenumber,39160_0290_00005,5,Place du General Michelin,,39140,Commenailles,"39, Jura, Bourgogne-Franche-Comté",39160,,,,39
Net Iki,,DIY,PROTECTION,DIY/FABLAB,,ENTREPRISE,,https://www.facebook.com/FabLabNetiki/,,,,,,,,,,France,,,https://docs.google.com/spreadsheets/d/1AuFOZjWxkcBIKoZVbi31pURp7h0B0VY9O9Rmct-_KU4/edit?usp=sharing,,,JPy,,,OUI,30/03/2020,,,,,,,,,,,,,,,,,
fablab Champagnole,,DIY,PROTECTION,DIY/FABLAB,,ENTREPRISE,,http://www.fablab-champagnole.com/wordpress/,,,,,,,,,,France,,,https://docs.google.com/spreadsheets/d/1AuFOZjWxkcBIKoZVbi31pURp7h0B0VY9O9Rmct-_KU4/edit?usp=sharing,,,JPy,,,OUI,30/03/2020,,,,,,,,,,,,,,,,,
Ledenova,,DIY,PROTECTION,DIY/FABLAB,,ENTREPRISE,,https://www.facebook.com/ledonova/,,,,,,,,,,France,,,https://docs.google.com/spreadsheets/d/1AuFOZjWxkcBIKoZVbi31pURp7h0B0VY9O9Rmct-_KU4/edit?usp=sharing,,,JPy,,,OUI,30/03/2020,,,,,,,,,,,,,,,,,
Fablab de la ferme du Marault,,DIY,PROTECTION,DIY/FABLAB,,ENTREPRISE,,https://nfab.fr/,,,,,,,Agropôle du Marault,58470,Magny-Cours,France,,,https://docs.google.com/spreadsheets/d/1AuFOZjWxkcBIKoZVbi31pURp7h0B0VY9O9Rmct-_KU4/edit?usp=sharing,,,JPy,,,OUI,30/03/2020,46.869996,3.149858,Les Maraux 58470 Magny-Cours,0.55,street,58152_vdxn61,,Les Maraux,,58470,Magny-Cours,"58, Nièvre, Bourgogne-Franche-Comté",58152,,,,58
Fablab de Lormes,,DIY,PROTECTION,DIY/FABLAB,,ENTREPRISE,,https://www.nivernaismorvan.net/les-fablabs-du-pays-nivernais-morvan-nievre/,Ludivine Girard,03 86 22 51 42 / 06 45 78 61 56,,,,,Mission numérique du Pays Nivernais Morvan  114 Route d'Avallon,58140,Lormes,France,,Ludivine Girard,https://docs.google.com/spreadsheets/d/1AuFOZjWxkcBIKoZVbi31pURp7h0B0VY9O9Rmct-_KU4/edit?usp=sharing,,,JPy,,,OUI,30/03/2020,47.298755,3.824312,114 Route d'Avallon 58140 Lormes,0.41,housenumber,58145_0005_00114,114,Route d'Avallon,,58140,Lormes,"58, Nièvre, Bourgogne-Franche-Comté",58145,,,,58
FabLab de Luzy,,DIY,PROTECTION,DIY/FABLAB,,ENTREPRISE,,https://www.nivernaismorvan.net/les-fablabs-du-pays-nivernais-morvan-nievre/,Ségolène de la Roche Saint-André,03 86 22 51 42 / 06 32 73 57 07,,,,,Rue Du Docteur Dollet,58170,Luzy,France,,Ségolène de la Roche Saint-André,https://docs.google.com/spreadsheets/d/1AuFOZjWxkcBIKoZVbi31pURp7h0B0VY9O9Rmct-_KU4/edit?usp=sharing,,,JPy,,,OUI,30/03/2020,46.790619,3.970311,Avenue du Docteur Dollet 58170 Luzy,0.81,street,58149_0150,,Avenue du Docteur Dollet,,58170,Luzy,"58, Nièvre, Bourgogne-Franche-Comté",58149,,,,58
Acali-écocentre,,DIY,PROTECTION,DIY/FABLAB,,ENTREPRISE,,https://www.acali.eu/,"Michel SCHMIT
",03 86 24 00 94 / 06 51 58 31 03,,,,,Les Haverts,58310,Saint-Vérain,France,,"Michel SCHMIT
",https://docs.google.com/spreadsheets/d/1AuFOZjWxkcBIKoZVbi31pURp7h0B0VY9O9Rmct-_KU4/edit?usp=sharing,,,JPy,,,OUI,30/03/2020,47.504186,3.034025,Les Haverts 58310 Saint-Vérain,0.93,street,58270_46nuzq,,Les Haverts,,58310,Saint-Vérain,"58, Nièvre, Bourgogne-Franche-Comté",58270,,,,58
Fablab de Clamecy (Fab'N'Lab),,DIY,PROTECTION,DIY/FABLAB,,ENTREPRISE,,http://mediation-numerique.nievre.fr/fab-n-labs/fab_n_lab_clamecy/,Remy Huot,06 32 73 56 80,,,,,12 rue de Druyes,58500,Clamecy,France,,Remy Huot,https://docs.google.com/spreadsheets/d/1AuFOZjWxkcBIKoZVbi31pURp7h0B0VY9O9Rmct-_KU4/edit?usp=sharing,,,JPy,,,OUI,30/03/2020,47.460422,3.514908,Rue de Druyes 58500 Clamecy,0.85,street,58079_b170,,Rue de Druyes,,58500,Clamecy,"58, Nièvre, Bourgogne-Franche-Comté",58079,,,,58
Fablab des 3 Lapins,,DIY,PROTECTION,DIY/FABLAB,,ENTREPRISE,,http://fablab3lapins.org/,Emma Romand,07 69 80 19 48,,,,,,70300,Luxeuil-les-Bains,France,,Emma Romand,https://docs.google.com/spreadsheets/d/1AuFOZjWxkcBIKoZVbi31pURp7h0B0VY9O9Rmct-_KU4/edit?usp=sharing,,,JPy,,,OUI,30/03/2020,47.817753,6.372232,Luxeuil-les-Bains,0.94,municipality,70311,,Luxeuil-les-Bains,,70300,Luxeuil-les-Bains,"70, Haute-Saône, Bourgogne-Franche-Comté",70311,,,,70
filature 2.0,,DIY,PROTECTION,DIY/FABLAB,,ENTREPRISE,,https://www.facebook.com/LaFilature2.0/,,,,,,,,70250,Ronchamp,France,,,https://docs.google.com/spreadsheets/d/1AuFOZjWxkcBIKoZVbi31pURp7h0B0VY9O9Rmct-_KU4/edit?usp=sharing,,,JPy,,,OUI,30/03/2020,47.708502,6.624276,Ronchamp,0.94,municipality,70451,,Ronchamp,,70250,Ronchamp,"70, Haute-Saône, Bourgogne-Franche-Comté",70451,,,,70
Lab haut Comtois,,DIY,PROTECTION,DIY/FABLAB,,ENTREPRISE,,https://www.labhautcomtois.fr/index.html,Fouad Laoufi,,,,,,,,Saint Loup / Semouse,France,,Fouad Laoufi,https://docs.google.com/spreadsheets/d/1AuFOZjWxkcBIKoZVbi31pURp7h0B0VY9O9Rmct-_KU4/edit?usp=sharing,,,JPy,,,OUI,30/03/2020,47.877212,6.267765,Saint-loup-sur-semouse 70800 Saint-Loup-sur-Semouse,0.77,street,70467_3dm44z,,Saint-loup-sur-semouse,,70800,Saint-Loup-sur-Semouse,"70, Haute-Saône, Bourgogne-Franche-Comté",70467,,,,70
FabLab du Chalonnais,,DIY,PROTECTION,DIY/FABLAB,,ENTREPRISE,,http://fablab-chalon.fr/,,,,,,,141 avenue Boucicaut,71100,Châlon-sur-Saône,France,,,https://docs.google.com/spreadsheets/d/1AuFOZjWxkcBIKoZVbi31pURp7h0B0VY9O9Rmct-_KU4/edit?usp=sharing,,,JPy,,,OUI,30/03/2020,46.788894,4.835546,141 Avenue Boucicaut 71100 Chalon-sur-Saône,0.96,housenumber,71076_1010_00141,141,Avenue Boucicaut,,71100,Chalon-sur-Saône,"71, Saône-et-Loire, Bourgogne-Franche-Comté",71076,,,,71
Fablab Bourbon Lancy,,DIY,PROTECTION,DIY/FABLAB,,ENTREPRISE,,https://www.facebook.com/groups/1633321136980811/,Lionnel Bonnet,,,,,,,71140,Bourbon Lancy,France,,Lionnel Bonnet,https://docs.google.com/spreadsheets/d/1AuFOZjWxkcBIKoZVbi31pURp7h0B0VY9O9Rmct-_KU4/edit?usp=sharing,,,JPy,,,OUI,30/03/2020,46.61924,3.753851,Bourbon-Lancy,0.94,municipality,71047,,Bourbon-Lancy,,71140,Bourbon-Lancy,"71, Saône-et-Loire, Bourgogne-Franche-Comté",71047,,,,71
Atelier des Beaux Boulons,,DIY,PROTECTION,DIY/FABLAB,,ENTREPRISE,,beauxboulons.org,Arnaud Charmet,06 48 70 39 74,,,,,4 rue Paul Doumer,89000,Auxerre,France,,Arnaud Charmet,https://docs.google.com/spreadsheets/d/1AuFOZjWxkcBIKoZVbi31pURp7h0B0VY9O9Rmct-_KU4/edit?usp=sharing,,,JPy,,,OUI,30/03/2020,47.800922,3.587097,4 Rue Paul Doumer 89000 Auxerre,0.95,housenumber,89024_5420_00004,4,Rue Paul Doumer,,89000,Auxerre,"89, Yonne, Bourgogne-Franche-Comté",89024,,,,89
Fablab de Sens,,DIY,PROTECTION,DIY/FABLAB,,ENTREPRISE,,https://www.facebook.com/pg/FablabSens/about/,,06 12 26 69 23,,,,,Maison de quartier des Piedalloues  1 bd des Pyrénées,89100,Sens,France,,,https://docs.google.com/spreadsheets/d/1AuFOZjWxkcBIKoZVbi31pURp7h0B0VY9O9Rmct-_KU4/edit?usp=sharing,,,JPy,,,OUI,30/03/2020,48.196335,3.301449,1 Rue des Chenes Bertin 89100 Sens,0.39,housenumber,89387_1280_00001,1,Rue des Chenes Bertin,,89100,Sens,"89, Yonne, Bourgogne-Franche-Comté",89387,,,,89
Le Maillet de Joigny,,DIY,PROTECTION,DIY/FABLAB,,ENTREPRISE,,www.lemailletdejoigny.fr,,07 66 21 17 76,,,,,Rue de la Pérouse,89300,Joigny,France,,,https://docs.google.com/spreadsheets/d/1AuFOZjWxkcBIKoZVbi31pURp7h0B0VY9O9Rmct-_KU4/edit?usp=sharing,,,JPy,,,OUI,30/03/2020,47.98236,3.394695,Rue de la Tuerie 89300 Joigny,0.65,street,89206_3200,,Rue de la Tuerie,,89300,Joigny,"89, Yonne, Bourgogne-Franche-Comté",89206,,,,89
Fabrique numérique de l'Avallonais,,DIY,PROTECTION,DIY/FABLAB,,ENTREPRISE,,http://fabrique-numerique-avallonnaise.fr/,,07 67 80 08 54,,,,,,89200,Avallon,France,,,https://docs.google.com/spreadsheets/d/1AuFOZjWxkcBIKoZVbi31pURp7h0B0VY9O9Rmct-_KU4/edit?usp=sharing,,,JPy,,,OUI,30/03/2020,47.485541,3.91854,Avallon,0.94,municipality,89025,,Avallon,,89200,Avallon,"89, Yonne, Bourgogne-Franche-Comté",89025,,,,89
Fablab LP Diderot,,DIY,PROTECTION,DIY/FABLAB,,,,,Patrick Febvay,33 3 84 57 37 27,,,,,Rue Alambert,90800,Bavilliers,,,Patrick Febvay,,,,,,,,,47.627625,6.838672,Rue d'Alembert 90800 Bavilliers,0.78,street,90008_0021,,Rue d'Alembert,,90800,Bavilliers,"90, Territoire de Belfort, Bourgogne-Franche-Comté",90008,,,,90
Fablab Lannion,,DIY,PROTECTION,DIY/FABLAB,,ENTREPRISE,,http://www.fablab-lannion.org/,,,,,,,114 bis Route d'Avallon  58140 Lormes,22300,Lannion,France,,,https://docs.google.com/spreadsheets/d/1AuFOZjWxkcBIKoZVbi31pURp7h0B0VY9O9Rmct-_KU4/edit?usp=sharing,,,JPy,,,OUI,30/03/2020,47.291337,3.816258,Route d'Avallon 58140 Lormes,0.53,street,58145_0005,,Route d'Avallon,,58140,Lormes,"58, Nièvre, Bourgogne-Franche-Comté",58145,,,,58
Esprit Fablab,,DIY,PROTECTION,DIY/FABLAB,,ENTREPRISE,,https://www.facebook.com/EspritFablab/,,,,,,,13 rue Abbé Gibert,22110,Rostrenen,France,,,https://docs.google.com/spreadsheets/d/1AuFOZjWxkcBIKoZVbi31pURp7h0B0VY9O9Rmct-_KU4/edit?usp=sharing,,,JPy,,,OUI,30/03/2020,48.235833,-3.319,13 Rue Abbe Gibert 22110 Rostrenen,0.94,housenumber,22266_0165_00013,13,Rue Abbe Gibert,,22110,Rostrenen,"22, Côtes-d'Armor, Bretagne",22266,,,,22
Open Factory,,DIY,PROTECTION,DIY/FABLAB,,ENTREPRISE,,https://uboopenfactory.univ-brest.fr/,,02 98 01 83 22,,,,,6  avenue le Gorgeu - CS 93837,29238,Brest Cedex 3,France,,,https://docs.google.com/spreadsheets/d/1AuFOZjWxkcBIKoZVbi31pURp7h0B0VY9O9Rmct-_KU4/edit?usp=sharing,,,JPy,,,OUI,30/03/2020,48.39973,-4.497347,6 Avenue Victor le Gorgeu 29200 Brest,0.47,housenumber,29019_5157_00006,6,Avenue Victor le Gorgeu,,29200,Brest,"29, Finistère, Bretagne",29019,,,,29
Les Fabriques du Ponant,,DIY,PROTECTION,DIY/FABLAB,,ENTREPRISE,,http://www.lesfabriquesduponant.net/,Marie TREBAOL,06 04 94 84 79,,,,,2 Rue Paul Dukas - Bâtiment des associations,29200,Brest,France,,Marie TREBAOL,https://docs.google.com/spreadsheets/d/1AuFOZjWxkcBIKoZVbi31pURp7h0B0VY9O9Rmct-_KU4/edit?usp=sharing,,,JPy,,,OUI,30/03/2020,48.408292,-4.498092,2 Rue Paul Dukas 29200 Brest,0.52,housenumber,29019_4072_00002,2,Rue Paul Dukas,,29200,Brest,"29, Finistère, Bretagne",29019,,,,29
Fablab Iroise,,DIY,PROTECTION,DIY/FABLAB,,ENTREPRISE,,http://fablab-iroise.fr/,,06 11 05 70 24,,,,,4 place du vieux Marché,29290,Saint-Renan,France,,,https://docs.google.com/spreadsheets/d/1AuFOZjWxkcBIKoZVbi31pURp7h0B0VY9O9Rmct-_KU4/edit?usp=sharing,,,JPy,,,OUI,30/03/2020,48.432856,-4.62344,Place du Vieux Marche 29290 Saint-Renan,0.9,street,29260_1141,,Place du Vieux Marche,,29290,Saint-Renan,"29, Finistère, Bretagne",29260,,,,29
Konk’ar’Lab,,DIY,PROTECTION,DIY/FABLAB,,ENTREPRISE,,https://www.konkarlab.bzh,Olivier Audet,02 56 10 03 04,,,,,2 Rue des Charmes  29900 Concarneau,29900,Concarneau,France,,Olivier Audet,https://docs.google.com/spreadsheets/d/1AuFOZjWxkcBIKoZVbi31pURp7h0B0VY9O9Rmct-_KU4/edit?usp=sharing,,,JPy,,,OUI,30/03/2020,47.883372,-3.915811,2 Rue des Charmes 29900 Concarneau,0.64,housenumber,29039_0344_00002,2,Rue des Charmes,,29900,Concarneau,"29, Finistère, Bretagne",29039,,,,29
Rias 3D,,DIY,PROTECTION,DIY/FABLAB,,ENTREPRISE,,https://rias3d.fr/accueil.php,,06 51 34 82 47,,,,,RIAS3D salle 1 maison des associations,29360,Clohars-Carnoët,France,,,https://docs.google.com/spreadsheets/d/1AuFOZjWxkcBIKoZVbi31pURp7h0B0VY9O9Rmct-_KU4/edit?usp=sharing,,,JPy,,,OUI,30/03/2020,47.767377,-3.550214,Allee des Dunes 29360 Clohars-Carnoët,0.46,street,29031_0175,,Allee des Dunes,,29360,Clohars-Carnoët,"29, Finistère, Bretagne",29031,,,,29
LabFab,,DIY,PROTECTION,DIY/FABLAB,,ENTREPRISE,,http://www.labfab.fr/,,,,,,,06 Cours des Alliés,35000,Rennes,France,,,https://docs.google.com/spreadsheets/d/1AuFOZjWxkcBIKoZVbi31pURp7h0B0VY9O9Rmct-_KU4/edit?usp=sharing,,,JPy,,,OUI,30/03/2020,48.104922,-1.676575,6 Cours des Alliés 35000 Rennes,0.93,housenumber,35238_0295_00006,6,Cours des Alliés,,35000,Rennes,"35, Ille-et-Vilaine, Bretagne",35238,,,,35
My Human Kit,,DIY,PROTECTION,DIY/FABLAB,,ENTREPRISE,,https://myhumankit.org/,,+ 33 768 328 321,,,,,Chez Askoria 2 av. du bois Labbé,35000,Rennes,France,,,https://docs.google.com/spreadsheets/d/1AuFOZjWxkcBIKoZVbi31pURp7h0B0VY9O9Rmct-_KU4/edit?usp=sharing,,,JPy,,,OUI,30/03/2020,48.125536,-1.70096,2 Avenue du Bois Labbé 35000 Rennes,0.6,housenumber,35238_1011_00002,2,Avenue du Bois Labbé,,35000,Rennes,"35, Ille-et-Vilaine, Bretagne",35238,,,,35
Les petits débrouillards grand ouest,,DIY,PROTECTION,DIY/FABLAB,,ENTREPRISE,,https://www.lespetitsdebrouillardsgrandouest.org/,Hélène Bréard,02 99 50 05 14 / 06 82 25 21 85,,,,,187 rue de Châtillon,35000,Rennes,France,,Hélène Bréard,https://docs.google.com/spreadsheets/d/1AuFOZjWxkcBIKoZVbi31pURp7h0B0VY9O9Rmct-_KU4/edit?usp=sharing,,,JPy,,,OUI,30/03/2020,48.087477,-1.671638,187 Rue de Châtillon 35000 Rennes,0.96,housenumber,35238_1820_00187,187,Rue de Châtillon,,35000,Rennes,"35, Ille-et-Vilaine, Bretagne",35238,,,,35
la vilaine bidouille,,DIY,PROTECTION,DIY/FABLAB,,ENTREPRISE,,http://www.fablabredon.org/wordpress/,,,,,,,Au campus électronique ESPRIT  6 rue de la Maillardais,35600,Redon,France,,,https://docs.google.com/spreadsheets/d/1AuFOZjWxkcBIKoZVbi31pURp7h0B0VY9O9Rmct-_KU4/edit?usp=sharing,,,JPy,,,OUI,30/03/2020,47.6498,-2.091054,6 Rue de la Maillardaie 35600 Redon,0.5,housenumber,35236_0840_00006,6,Rue de la Maillardaie,,35600,Redon,"35, Ille-et-Vilaine, Bretagne",35236,,,,35
AUDELOR - FABLAB,,DIY,PROTECTION,DIY/FABLAB,,ENTREPRISE,,https://www.audelor.com/,Léo	TALOTTE,02 97 12 06 40,,,,,12 Avenue de la Perrière,56000,Lorient,France,,Léo	TALOTTE,https://docs.google.com/spreadsheets/d/1AuFOZjWxkcBIKoZVbi31pURp7h0B0VY9O9Rmct-_KU4/edit?usp=sharing,,,JPy,,,OUI,30/03/2020,47.735314,-3.365873,12 Avenue de la Perrière 56100 Lorient,0.86,housenumber,56121_4350_00012,12,Avenue de la Perrière,,56100,Lorient,"56, Morbihan, Bretagne",56121,,,,56
FabLab du pays de Lorient,,DIY,PROTECTION,DIY/FABLAB,,ENTREPRISE,,https://www.facebook.com/FablabLorient/,,02 97 12 06 58,,,,,4 rue Galilée,56270,Ploemeur,France,,,https://docs.google.com/spreadsheets/d/1AuFOZjWxkcBIKoZVbi31pURp7h0B0VY9O9Rmct-_KU4/edit?usp=sharing,,,JPy,,,OUI,30/03/2020,47.742606,-3.4078,4 Rue Galilée 56270 Ploemeur,0.95,housenumber,56162_3132_00004,4,Rue Galilée,,56270,Ploemeur,"56, Morbihan, Bretagne",56162,,,,56
La fabrique du Loch,,DIY,PROTECTION,DIY/FABLAB,,ENTREPRISE,,https://www.lafabriqueduloch.org,Patrick Jullien,02 97 58 47 04,,,,,8 Rue Georges Clemenceau  56400 Auray,56400,Auray,France,,Patrick Jullien,https://docs.google.com/spreadsheets/d/1AuFOZjWxkcBIKoZVbi31pURp7h0B0VY9O9Rmct-_KU4/edit?usp=sharing,,,JPy,,,OUI,30/03/2020,47.668462,-2.986106,8 Rue Georges Clemenceau 56400 Auray,0.72,housenumber,56007_0440_00008,8,Rue Georges Clemenceau,,56400,Auray,"56, Morbihan, Bretagne",56007,,,,56
Icam,,DIY,PROTECTION,DIY/FABLAB,,ENTREPRISE,,https://www.facebook.com/UsiLABbretagne/,Julien Lethuillier,02 22 77 01 64,,,,,9 rue du Commandant Charcot,56000,Vannes,France,,Julien Lethuillier,https://docs.google.com/spreadsheets/d/1AuFOZjWxkcBIKoZVbi31pURp7h0B0VY9O9Rmct-_KU4/edit?usp=sharing,,,JPy,,,OUI,30/03/2020,47.650014,-2.780765,9 Rue Commandant Charcot 56000 Vannes,0.89,housenumber,56260_0775_00009,9,Rue Commandant Charcot,,56000,Vannes,"56, Morbihan, Bretagne",56260,,,,56
makerspace56,,DIY,PROTECTION,DIY/FABLAB,,ENTREPRISE,,http://makerspace56.org/,Laure Sivadier,,,,,,Le Prisme – CP3 Place Albert Einstein,56000,Vannes,France,,Laure Sivadier,https://docs.google.com/spreadsheets/d/1AuFOZjWxkcBIKoZVbi31pURp7h0B0VY9O9Rmct-_KU4/edit?usp=sharing,,,JPy,,,OUI,30/03/2020,47.642219,-2.753642,Place Albert Einstein 56000 Vannes,0.69,street,56260_0060,,Place Albert Einstein,,56000,Vannes,"56, Morbihan, Bretagne",56260,,,,56
espace kenere,,DIY,PROTECTION,DIY/FABLAB,,ENTREPRISE,,http://www.espace-kenere.fr/EXPLOITATION/KENERE/fab-lab.aspx,Julien Amghar,02 97 39 00 61,,,,,34 Bis rue Général de Gaulle,56300,Pontivy,France,,Julien Amghar,https://docs.google.com/spreadsheets/d/1AuFOZjWxkcBIKoZVbi31pURp7h0B0VY9O9Rmct-_KU4/edit?usp=sharing,,,JPy,,,OUI,30/03/2020,48.073602,-2.962442,34 bis Rue du General de Gaulle 56300 Pontivy,0.89,housenumber,56178_0620_00034_bis,34 bis,Rue du General de Gaulle,,56300,Pontivy,"56, Morbihan, Bretagne",56178,,,,56
Mon-fablab . fr,,DIY,PROTECTION,DIY/FABLAB,,ENTREPRISE,,http://www.mon-fablab.fr/,Xavier Hinault,,,,,,Route de Bubry - Saint-Yves,56310,Bubry,France,,Xavier Hinault,https://docs.google.com/spreadsheets/d/1AuFOZjWxkcBIKoZVbi31pURp7h0B0VY9O9Rmct-_KU4/edit?usp=sharing,,,JPy,,,OUI,30/03/2020,47.925419,-3.19281,Route de Bubry Saint-yves 56310 Bubry,0.94,street,56026_0029,,Route de Bubry Saint-yves,,56310,Bubry,"56, Morbihan, Bretagne",56026,,,,56
Fablab Ajaccio,,DIY,PROTECTION,DIY/FABLAB,,ENTREPRISE,,https://fablabajaccio.com/,,04.95.52.33.37,,,,,Corsica – 1  avenue Napoléon III – 20 000 Ajaccio,20000,Ajaccio,France,,,https://docs.google.com/spreadsheets/d/1AuFOZjWxkcBIKoZVbi31pURp7h0B0VY9O9Rmct-_KU4/edit?usp=sharing,,,JPy,,,OUI,30/03/2020,41.926478,8.734833,1 Avenue Napoléon 3 20000 Ajaccio,0.51,housenumber,2a004_0990_00001,1,Avenue Napoléon 3,,20000,Ajaccio,"2A, Corse-du-Sud, Corse",2A004,,,,2A
Fablab Corti,,DIY,PROTECTION,DIY/FABLAB,,ENTREPRISE,,https://fablab.universita.corsica/,Mathilde Ménager,04 20 20 22 33,,,,,Palazzu Naziunale  Haute-Ville  20250 Corti,20250,Corti,France,,Mathilde Ménager,https://docs.google.com/spreadsheets/d/1AuFOZjWxkcBIKoZVbi31pURp7h0B0VY9O9Rmct-_KU4/edit?usp=sharing,,,JPy,,,OUI,30/03/2020,,,,,,,,,,,,,,,,,
Le Fablab de Jarry,,DIY,PROTECTION,DIY/FABLAB,,ENTREPRISE,,http://www.lefablabdeguadeloupe.com/contacts.html,,00590 690 55 92 40,,,,,Morne bernard Baie Mahault,97129,Baie Mahault,France,,,https://docs.google.com/spreadsheets/d/1AuFOZjWxkcBIKoZVbi31pURp7h0B0VY9O9Rmct-_KU4/edit?usp=sharing,,,JPy,,,OUI,30/03/2020,16.246592,-61.585871,Morne Bernard 97122 Baie-Mahault,0.62,street,97103_mo09q8,,Morne Bernard,,97122,Baie-Mahault,"971, Guadeloupe",97103,,,,97
Manifact,,DIY,PROTECTION,DIY/FABLAB,,ENTREPRISE,,http://manifact.org/,Rudi FLOQUET,05 94 59 26 66,,,,,Espace associatif Galibi  26  Boulevard Malouet,,Saint-Laurent du Maroni,France,,Rudi FLOQUET,https://docs.google.com/spreadsheets/d/1AuFOZjWxkcBIKoZVbi31pURp7h0B0VY9O9Rmct-_KU4/edit?usp=sharing,,,JPy,,,OUI,30/03/2020,5.505963,-54.028828,26 Boulevard Malouet 97320 Saint-Laurent-du-Maroni,0.62,housenumber,97311_0100_00026,26,Boulevard Malouet,,97320,Saint-Laurent-du-Maroni,"973, Guyane",97311,,,,97
NumLab,,DIY,PROTECTION,DIY/FABLAB,,ENTREPRISE,,https://www.ardi-gdi.fr/recherche-et-innovation/numerique/numlab/,,05 94 39 24 65,,,,,GUYANE DEVELOPPEMENT INNOVATION  Campus de Troubiran CS 90 235,97300,Cayenne,France,,,https://docs.google.com/spreadsheets/d/1AuFOZjWxkcBIKoZVbi31pURp7h0B0VY9O9Rmct-_KU4/edit?usp=sharing,,,JPy,,,OUI,30/03/2020,4.929876,-52.304099,Chemin de Troubiran 97300 Cayenne,0.39,street,97302_0977,,Chemin de Troubiran,,97300,Cayenne,"973, Guyane",97302,,,,97
Webcup Fablab,,DIY,PROTECTION,DIY/FABLAB,,ENTREPRISE,,https://www.webcup.fr/,,02 62 73 60 41,,,,,"Résidence SHLMR Montreuil 
208 Rue Maréchal Leclerc",97440,Saint-Denis,France,,,https://docs.google.com/spreadsheets/d/1AuFOZjWxkcBIKoZVbi31pURp7h0B0VY9O9Rmct-_KU4/edit?usp=sharing,,,JPy,,,OUI,30/03/2020,50.419163,2.957957,Residence Maréchal Leclerc 62110 Hénin-Beaumont,0.43,street,62427_a251,,Residence Maréchal Leclerc,,62110,Hénin-Beaumont,"62, Pas-de-Calais, Hauts-de-France",62427,,,,62
"Fablab Okartié – Sciences reunion
",,DIY,PROTECTION,DIY/FABLAB,,ENTREPRISE,,https://sciences-reunion.net/fablab-okartie/,,02 62 92 24 39,,,,,3 rue Serge Ycard,97490,Sainte-Clotilde,France,,,https://docs.google.com/spreadsheets/d/1AuFOZjWxkcBIKoZVbi31pURp7h0B0VY9O9Rmct-_KU4/edit?usp=sharing,,,JPy,,,OUI,30/03/2020,,,,,,,,,,,,,,,,,
Le labo Motive,,DIY,PROTECTION,DIY/FABLAB,,ENTREPRISE,,https://www.facebook.com/lelabomotive/,Jean-Christophe,06 21 87 51 39,,,,,10  rue de la gare,18270,St.Maur,France,,Jean-Christophe,https://docs.google.com/spreadsheets/d/1AuFOZjWxkcBIKoZVbi31pURp7h0B0VY9O9Rmct-_KU4/edit?usp=sharing,,,JPy,,,OUI,30/03/2020,46.581773,2.29319,Pre de la Gabrielle 18270 Saint-Maur,0.52,street,18225_b416,,Pre de la Gabrielle,,18270,Saint-Maur,"18, Cher, Centre-Val de Loire",18225,,,,18
La Passerelle,,DIY,PROTECTION,DIY/FABLAB,,ENTREPRISE,,,Luc Poulet,,,,,,,18200,Saint-Amand-Montrond,France,,Luc Poulet,https://docs.google.com/spreadsheets/d/1AuFOZjWxkcBIKoZVbi31pURp7h0B0VY9O9Rmct-_KU4/edit?usp=sharing,,,JPy,,,OUI,30/03/2020,46.724333,2.517956,Saint-Amand-Montrond,0.95,municipality,18197,,Saint-Amand-Montrond,,18200,Saint-Amand-Montrond,"18, Cher, Centre-Val de Loire",18197,,,,18
BétaMachine,,DIY,PROTECTION,DIY/FABLAB,,ENTREPRISE,,https://www.betamachine.fr/,Arnaud Vieux,02 37 31 40 96,,,,,15 rue Victor Gilbert,28000,Chartres,France,,Arnaud Vieux,https://docs.google.com/spreadsheets/d/1AuFOZjWxkcBIKoZVbi31pURp7h0B0VY9O9Rmct-_KU4/edit?usp=sharing,,,JPy,,,OUI,30/03/2020,48.440854,1.493047,15 Rue Victor Gilbert 28000 Chartres,0.96,housenumber,28085_4070_00015,15,Rue Victor Gilbert,,28000,Chartres,"28, Eure-et-Loir, Centre-Val de Loire",28085,,,,28
BerryLab36,,DIY,PROTECTION,DIY/FABLAB,,ENTREPRISE,,www.berrylab36.org,Bernard Lanchais,,,,,,2 rue Jean Vaille,36000,Chateauroux,France,,Bernard Lanchais,https://docs.google.com/spreadsheets/d/1AuFOZjWxkcBIKoZVbi31pURp7h0B0VY9O9Rmct-_KU4/edit?usp=sharing,,,JPy,,,OUI,30/03/2020,46.811873,1.675396,2 Allee Jean Vaille 36000 Châteauroux,0.77,housenumber,36044_1604_00002,2,Allee Jean Vaille,,36000,Châteauroux,"36, Indre, Centre-Val de Loire",36044,,,,36
FUNLAB Tours,,DIY,PROTECTION,DIY/FABLAB,,ENTREPRISE,,http://funlab.fr/,Aurélien Viney,,,,,,49 Boulevard Preuilly,37000,Tours,France,,Aurélien Viney,https://docs.google.com/spreadsheets/d/1AuFOZjWxkcBIKoZVbi31pURp7h0B0VY9O9Rmct-_KU4/edit?usp=sharing,,,JPy,,,OUI,30/03/2020,47.392147,0.668211,49 Boulevard Preuilly 37000 Tours,0.96,housenumber,37261_4150_00049,49,Boulevard Preuilly,,37000,Tours,"37, Indre-et-Loire, Centre-Val de Loire",37261,,,,37
La Grange numérique,,DIY,PROTECTION,DIY/FABLAB,,ENTREPRISE,,http://www.asso-info.org/,Stéphane Bué,06 34 62 31 09,,,,,23  rue Pierre Brossolette,37700,Saint Pierre des Corps,France,,Stéphane Bué,https://docs.google.com/spreadsheets/d/1AuFOZjWxkcBIKoZVbi31pURp7h0B0VY9O9Rmct-_KU4/edit?usp=sharing,,,JPy,,,OUI,30/03/2020,47.394704,0.73193,23 Rue Pierre Brossolette 37700 Saint-Pierre-des-Corps,0.95,housenumber,37233_1020_00023,23,Rue Pierre Brossolette,,37700,Saint-Pierre-des-Corps,"37, Indre-et-Loire, Centre-Val de Loire",37233,,,,37
Azay Tech,,DIY,PROTECTION,DIY/FABLAB,,ENTREPRISE,,https://www.facebook.com/AzayTech3D/,Xavier Maquet,06 71 93 62 07,,,,,,37190,Azay le Rideau,France,,Xavier Maquet,https://docs.google.com/spreadsheets/d/1AuFOZjWxkcBIKoZVbi31pURp7h0B0VY9O9Rmct-_KU4/edit?usp=sharing,,,JPy,,,OUI,30/03/2020,47.270966,0.462676,Azay-le-Rideau,0.94,municipality,37014,,Azay-le-Rideau,,37190,Azay-le-Rideau,"37, Indre-et-Loire, Centre-Val de Loire",37014,,,,37
FabLab Robert Houdin,,DIY,PROTECTION,DIY/FABLAB,,ENTREPRISE,,https://fablab-robert-houdin.org/,Guillaume Lan Chow Wing,02 54 43 40 35,,,,,49 Boulevard Preuilly  37000 Tours,,Blois,France,,Guillaume Lan Chow Wing,https://docs.google.com/spreadsheets/d/1AuFOZjWxkcBIKoZVbi31pURp7h0B0VY9O9Rmct-_KU4/edit?usp=sharing,,,JPy,,,OUI,30/03/2020,47.392147,0.668211,49 Boulevard Preuilly 37000 Tours,0.82,housenumber,37261_4150_00049,49,Boulevard Preuilly,,37000,Tours,"37, Indre-et-Loire, Centre-Val de Loire",37261,,,,37
Atelier Numérique Romorantin,,DIY,PROTECTION,DIY/FABLAB,,ENTREPRISE,,https://anr.adeti.org/,Franck Pichon,06 61 95 38 65,,,,,3  rue Jean Monnet  bat l'Atelier,,Romorantin,France,,Franck Pichon,https://docs.google.com/spreadsheets/d/1AuFOZjWxkcBIKoZVbi31pURp7h0B0VY9O9Rmct-_KU4/edit?usp=sharing,,,JPy,,,OUI,30/03/2020,47.35571,1.752971,3 Rue Jean Monnet 41200 Romorantin-Lanthenay,0.55,housenumber,41194_0883_00003,3,Rue Jean Monnet,,41200,Romorantin-Lanthenay,"41, Loir-et-Cher, Centre-Val de Loire",41194,,,,41
Industry Lab,,DIY,PROTECTION,DIY/FABLAB,,ENTREPRISE,,https://www.le-lab-o.fr/entreprise/industry-lab/,Christophe Alayrac,02 46 91 10 40,,,,,,45000,Orléans,France,,Christophe Alayrac,https://docs.google.com/spreadsheets/d/1AuFOZjWxkcBIKoZVbi31pURp7h0B0VY9O9Rmct-_KU4/edit?usp=sharing,,,JPy,,,OUI,30/03/2020,47.873517,1.911367,Orléans,0.96,municipality,45234,,Orléans,,45000,Orléans,"45, Loiret, Centre-Val de Loire",45234,,,,45
La Forge 4.5,,DIY,PROTECTION,DIY/FABLAB,,ENTREPRISE,,https://www.laforge45.org/,,,,,,,2 bis Rue Ferdinand Buisson,45200,Montargis,France,,,https://docs.google.com/spreadsheets/d/1AuFOZjWxkcBIKoZVbi31pURp7h0B0VY9O9Rmct-_KU4/edit?usp=sharing,,,JPy,,,OUI,30/03/2020,47.989525,2.731534,2 bis Rue Ferdinand Buisson 45200 Montargis,0.95,housenumber,45208_0700_00002_bis,2 bis,Rue Ferdinand Buisson,,45200,Montargis,"45, Loiret, Centre-Val de Loire",45208,,,,45
La Fabrik,,DIY,PROTECTION,DIY/FABLAB,,ENTREPRISE,,https://sites.google.com/view/lafabrik-fablab,,06 86 26 02 83,,,,,13  place des terres blanches,45200,Montargis,France,,,https://docs.google.com/spreadsheets/d/1AuFOZjWxkcBIKoZVbi31pURp7h0B0VY9O9Rmct-_KU4/edit?usp=sharing,,,JPy,,,OUI,30/03/2020,47.977585,2.76476,13 Place des Terres Blanches 45200 Amilly,0.74,housenumber,45004_1529_00013,13,Place des Terres Blanches,,45200,Amilly,"45, Loiret, Centre-Val de Loire",45004,,,,45
Smart Materials,,DIY,PROTECTION,DIY/FABLAB,,ENTREPRISE,,https://fablab.eisine.fr/,Laurine Renaux,03.24.59.64.93,,,,,"l'EiSINe Campus Sup Ardenne
08000 Charleville-Mézières",8000,Charleville-Mézières,France,,Laurine Renaux,https://docs.google.com/spreadsheets/d/1AuFOZjWxkcBIKoZVbi31pURp7h0B0VY9O9Rmct-_KU4/edit?usp=sharing,,,JPy,,,OUI,30/03/2020,49.787552,4.69406,Rue des Chennevières 08000 Charleville-Mézières,0.49,street,08105_0731,,Rue des Chennevières,,8000,Charleville-Mézières,"08, Ardennes, Grand Est",8105,,,,08
MJC-MPT Aix-en-Othe,,DIY,PROTECTION,DIY/FABLAB,,ENTREPRISE,,https://www.facebook.com/mjcmptaix/,,03 25 76 18 08,,,,,Rue Maréchal Foch,10160,Aix-Villemaur-Palis,France,,,https://docs.google.com/spreadsheets/d/1AuFOZjWxkcBIKoZVbi31pURp7h0B0VY9O9Rmct-_KU4/edit?usp=sharing,,,JPy,,,OUI,30/03/2020,48.222506,3.730228,Rue du Marechal Foch 10160 Aix-Villemaur-Pâlis,0.88,street,10003_0545,,Rue du Marechal Foch,,10160,Aix-Villemaur-Pâlis,"10, Aube, Grand Est",10003,10003,Aix-en-Othe,,10
Fablab de l’université de Reims,,DIY,PROTECTION,DIY/FABLAB,,ENTREPRISE,,http://www.saintex-reims.com/infos-pratiques/#noustrouver,Géraldine Taillandier,03 26 77 41 41,,,,,Chaussée Bocquaine  Esplanade André Malraux  51100 Reims,51100,Reims,France,,Géraldine Taillandier,https://docs.google.com/spreadsheets/d/1AuFOZjWxkcBIKoZVbi31pURp7h0B0VY9O9Rmct-_KU4/edit?usp=sharing,,,JPy,,,OUI,30/03/2020,49.24938,4.021143,Esplanade André Malraux 51100 Reims,0.53,street,51454_0261,,Esplanade André Malraux,,51100,Reims,"51, Marne, Grand Est",51454,,,,51
Saint Dizier Fablab,,DIY,PROTECTION,DIY/FABLAB,,ENTREPRISE,,https://www.saintdizierfablab.com/index.php,,09 51 22 40 51,,,,,"Espace créateurs d'entreprises
12 allée Jean Moulin
52100 Saint-Dizier",52100,Saint Dizier,France,,,https://docs.google.com/spreadsheets/d/1AuFOZjWxkcBIKoZVbi31pURp7h0B0VY9O9Rmct-_KU4/edit?usp=sharing,,,JPy,,,OUI,30/03/2020,48.643765,4.970026,12 Allee Jean Moulin 52100 Saint-Dizier,0.44,housenumber,52448_1055_00012,12,Allee Jean Moulin,,52100,Saint-Dizier,"52, Haute-Marne, Grand Est",52448,,,,52
Lorraine Fab/LivingLab,,DIY,PROTECTION,DIY/FABLAB,,ENTREPRISE,,http://www.lf2l.fr/,Fabio Cruz,,,,,,Ateliers du bras vert  49 bd d'Austrasie,54000,Nancy,France,,Fabio Cruz,https://docs.google.com/spreadsheets/d/1AuFOZjWxkcBIKoZVbi31pURp7h0B0VY9O9Rmct-_KU4/edit?usp=sharing,,,JPy,,,OUI,30/03/2020,48.693872,6.199801,49 Boulevard d'Austrasie 54000 Nancy,0.47,housenumber,54395_0300_00049,49,Boulevard d'Austrasie,,54000,Nancy,"54, Meurthe-et-Moselle, Grand Est",54395,,,,54
Nancy Bidouille,,DIY,PROTECTION,DIY/FABLAB,,ENTREPRISE,,http://nybi.cc/,Benjamin Ennesser Serville,,,,,,49 Boulevard d'Austrasie,54000,Nancy,France,,Benjamin Ennesser Serville,https://docs.google.com/spreadsheets/d/1AuFOZjWxkcBIKoZVbi31pURp7h0B0VY9O9Rmct-_KU4/edit?usp=sharing,,,JPy,,,OUI,30/03/2020,48.693872,6.199801,49 Boulevard d'Austrasie 54000 Nancy,0.96,housenumber,54395_0300_00049,49,Boulevard d'Austrasie,,54000,Nancy,"54, Meurthe-et-Moselle, Grand Est",54395,,,,54
La Piscine,,DIY,PROTECTION,DIY/FABLAB,,ENTREPRISE,,https://sites.google.com/view/piscine-petitsdebrouillards/accueil,Jérôme Tricomi,03 83 96 38 94 / 0662519746,,,,,5 avenue de Metz,54320,Maxéville,France,,Jérôme Tricomi,https://docs.google.com/spreadsheets/d/1AuFOZjWxkcBIKoZVbi31pURp7h0B0VY9O9Rmct-_KU4/edit?usp=sharing,,,JPy,,,OUI,30/03/2020,48.705476,6.168402,5 Av de Metz 54320 Maxéville,0.78,housenumber,54357_0250_00005,5,Av de Metz,,54320,Maxéville,"54, Meurthe-et-Moselle, Grand Est",54357,,,,54
Charly Lab,,DIY,PROTECTION,DIY/FABLAB,,ENTREPRISE,,https://iut-charlemagne.univ-lorraine.fr/presentation/services-communs/,,+33 3 72 74 33 40,,,,,2 ter bd Charlemagne,54000,Nancy,France,,,https://docs.google.com/spreadsheets/d/1AuFOZjWxkcBIKoZVbi31pURp7h0B0VY9O9Rmct-_KU4/edit?usp=sharing,,,JPy,,,OUI,30/03/2020,48.682621,6.16208,2 ter Boulevard Charlemagne 54000 Nancy,0.75,housenumber,54395_0880_00002_ter,2 ter,Boulevard Charlemagne,,54000,Nancy,"54, Meurthe-et-Moselle, Grand Est",54395,,,,54
Cefav Glass Fablab,,DIY,PROTECTION,DIY/FABLAB,,ENTREPRISE,,,Paul et Sebastien,03.83.25.49.93,,,,,Rue de la Liberté,54112,Vannes-le-châtel,France,,Paul et Sebastien,https://docs.google.com/spreadsheets/d/1AuFOZjWxkcBIKoZVbi31pURp7h0B0VY9O9Rmct-_KU4/edit?usp=sharing,,,JPy,,,OUI,30/03/2020,48.547298,5.777943,Rue de la Liberte 54112 Vannes-le-Châtel,0.94,street,54548_0015,,Rue de la Liberte,,54112,Vannes-le-Châtel,"54, Meurthe-et-Moselle, Grand Est",54548,,,,54
Numérifab,,DIY,PROTECTION,DIY/FABLAB,,ENTREPRISE,,http://www.numerifab.fr/,,03 29 85 67 15,,,,,5 Place de la Mairie,55100,Bras-sur-Meuse,France,,,https://docs.google.com/spreadsheets/d/1AuFOZjWxkcBIKoZVbi31pURp7h0B0VY9O9Rmct-_KU4/edit?usp=sharing,,,JPy,,,OUI,30/03/2020,49.210119,5.377144,5 Place de la Mairie 55100 Bras-sur-Meuse,0.94,housenumber,55073_0045_00005,5,Place de la Mairie,,55100,Bras-sur-Meuse,"55, Meuse, Grand Est",55073,,,,55
Graoulab,,DIY,PROTECTION,DIY/FABLAB,,ENTREPRISE,,http://graoulab.org/,,,,,,,,57000,Metz,France,,,https://docs.google.com/spreadsheets/d/1AuFOZjWxkcBIKoZVbi31pURp7h0B0VY9O9Rmct-_KU4/edit?usp=sharing,,,JPy,,,OUI,30/03/2020,49.108386,6.195982,Metz,0.96,municipality,57463,,Metz,,57000,Metz,"57, Moselle, Grand Est",57463,,,,57
Fabulis,,DIY,PROTECTION,DIY/FABLAB,,ENTREPRISE,,http://www.fabulis.org/,,,,,,,,57200,Sarreguemines,France,,,https://docs.google.com/spreadsheets/d/1AuFOZjWxkcBIKoZVbi31pURp7h0B0VY9O9Rmct-_KU4/edit?usp=sharing,,,JPy,,,OUI,30/03/2020,49.105503,7.077399,Sarreguemines,0.95,municipality,57631,,Sarreguemines,,57200,Sarreguemines,"57, Moselle, Grand Est",57631,,,,57
Av Lab,,DIY,PROTECTION,DIY/FABLAB,,ENTREPRISE,,https://www.av-lab.net/,,07 82 36 75 13,,,,,4 rue de la douane,67000,Strasbourg,France,,,https://docs.google.com/spreadsheets/d/1AuFOZjWxkcBIKoZVbi31pURp7h0B0VY9O9Rmct-_KU4/edit?usp=sharing,,,JPy,,,OUI,30/03/2020,48.579351,7.749453,4 Rue de la Douane 67000 Strasbourg,0.96,housenumber,67482_1865_00004,4,Rue de la Douane,,67000,Strasbourg,"67, Bas-Rhin, Grand Est",67482,,,,67
La Fabrique,,DIY,PROTECTION,DIY/FABLAB,,ENTREPRISE,,http://lafab.org/,François Kormann,07 69 18 66 65,,,,,91 Route des Romains  67200 Strasbourg,67000,Strasbourg,France,,François Kormann,https://docs.google.com/spreadsheets/d/1AuFOZjWxkcBIKoZVbi31pURp7h0B0VY9O9Rmct-_KU4/edit?usp=sharing,,,JPy,,,OUI,30/03/2020,48.578539,7.710063,91 Route des Romains 67200 Strasbourg,0.67,housenumber,67482_5690_00091,91,Route des Romains,,67200,Strasbourg,"67, Bas-Rhin, Grand Est",67482,,,,67
Technistub,,DIY,PROTECTION,DIY/FABLAB,,,,http://technistub.org/,Stephane Laborde,,,,,,2 rue des Flandres,68100,Mulhouse,,,Stephane Laborde,https://docs.google.com/spreadsheets/d/1AuFOZjWxkcBIKoZVbi31pURp7h0B0VY9O9Rmct-_KU4/edit?usp=sharing,,,JPy,,,OUI,30/03/2020,47.761695,7.360183,2 Rue des Flandres 68100 Mulhouse,0.96,housenumber,68224_2560_00002,2,Rue des Flandres,,68100,Mulhouse,"68, Haut-Rhin, Grand Est",68224,,,,68
Fablab-Vosges,,DIY,PROTECTION,DIY/FABLAB,,,,http://fablab-vosges.fr/,,03 55 82 25 00,,,,,15 Rue du Petit Saint-Dié  88100 Saint-Dié-des-Vosges,88100,Saint-Dié-des-Vosges,,,,https://docs.google.com/spreadsheets/d/1AuFOZjWxkcBIKoZVbi31pURp7h0B0VY9O9Rmct-_KU4/edit?usp=sharing,,,JPy,,,OUI,30/03/2020,48.281209,6.948628,15 Rue du Petit Saint-dié 88100 Saint-Dié-des-Vosges,0.64,housenumber,88413_0985_00015,15,Rue du Petit Saint-dié,,88100,Saint-Dié-des-Vosges,"88, Vosges, Grand Est",88413,,,,88
FabLab de Château Thierry,,DIY,PROTECTION,DIY/FABLAB,,ENTREPRISE,,http://fablab02.org/,Marion Majek,07 69 38 56 75,,,,,53 Rue Paul Doucet  02400 Château-Thierry,,Château-Thierry,France,,Marion Majek,https://docs.google.com/spreadsheets/d/1AuFOZjWxkcBIKoZVbi31pURp7h0B0VY9O9Rmct-_KU4/edit?usp=sharing,,,JPy,,,OUI,30/03/2020,49.041147,3.399677,53 Rue Paul Doucet 02400 Château-Thierry,0.69,housenumber,02168_0955_00053,53,Rue Paul Doucet,,2400,Château-Thierry,"02, Aisne, Hauts-de-France",2168,,,,02
Popplace,,DIY,PROTECTION,DIY/FABLAB,,ENTREPRISE,,http://pop.eu.com/,,,,,,,19 Rue Nicolas Leblanc,,Lille,France,,,https://docs.google.com/spreadsheets/d/1AuFOZjWxkcBIKoZVbi31pURp7h0B0VY9O9Rmct-_KU4/edit?usp=sharing,,,JPy,,,OUI,30/03/2020,50.629625,3.061477,19 Rue Nicolas Leblanc 59000 Lille,0.96,housenumber,59350_6394_00019,19,Rue Nicolas Leblanc,,59000,Lille,"59, Nord, Hauts-de-France",59350,59350,Lille,,59
Spark Lab,,DIY,PROTECTION,DIY/FABLAB,,ENTREPRISE,,https://www.spark-dunkerque.fr/sparklab-28,,+33 7 69 88 72 29,,,,,15 rue du jeu de mail,,Dunkerque,France,,,https://docs.google.com/spreadsheets/d/1AuFOZjWxkcBIKoZVbi31pURp7h0B0VY9O9Rmct-_KU4/edit?usp=sharing,,,JPy,,,OUI,30/03/2020,51.027237,2.369087,15 Rue du Jeu de Mail 59140 Dunkerque,0.96,housenumber,59183_0880_00015,15,Rue du Jeu de Mail,,59140,Dunkerque,"59, Nord, Hauts-de-France",59183,,,,59
Agrilab,,DIY,PROTECTION,DIY/FABLAB,,ENTREPRISE,,http://agrilab.unilasalle.fr/,Luc Hanneuse,03 44 06 00 26,,,,,Lieu dit,,Troissereux,France,,Luc Hanneuse,https://docs.google.com/spreadsheets/d/1AuFOZjWxkcBIKoZVbi31pURp7h0B0VY9O9Rmct-_KU4/edit?usp=sharing,,,JPy,,,OUI,30/03/2020,49.480949,2.050761,Troissereux,0.51,municipality,60646,,Troissereux,,60112,Troissereux,"60, Oise, Hauts-de-France",60646,,,,60
Co-Dev Autrèches,,DIY,PROTECTION,DIY/FABLAB,,ENTREPRISE,,https://co-dev.org/,Stéphie Vincent,,,,,,,,Autrèches,France,,Stéphie Vincent,https://docs.google.com/spreadsheets/d/1AuFOZjWxkcBIKoZVbi31pURp7h0B0VY9O9Rmct-_KU4/edit?usp=sharing,,,JPy,,,OUI,30/03/2020,49.449946,3.12369,Autrêches,0.93,municipality,60032,,Autrêches,,60350,Autrêches,"60, Oise, Hauts-de-France",60032,,,,60
Fablab l’Hermitage,,DIY,PROTECTION,DIY/FABLAB,,ENTREPRISE,,https://www.hermitagelelab.com/,Jean Karinthi,+33 3 44 42 94 52,,,,,Rue de l'Hermitage,,Autrèches,France,,Jean Karinthi,https://docs.google.com/spreadsheets/d/1AuFOZjWxkcBIKoZVbi31pURp7h0B0VY9O9Rmct-_KU4/edit?usp=sharing,,,JPy,,,OUI,30/03/2020,49.433407,3.128878,Rue de l'Hermitage 60350 Autrêches,0.94,street,60032_3320,,Rue de l'Hermitage,,60350,Autrêches,"60, Oise, Hauts-de-France",60032,,,,60
MuséoLab – Louvre Lens Vallée,,DIY,PROTECTION,DIY/FABLAB,,ENTREPRISE,,https://louvrelensvallee.com/,,03 21 77 43 30,,,,,86 Rue Paul Bert,,Lens,France,,,https://docs.google.com/spreadsheets/d/1AuFOZjWxkcBIKoZVbi31pURp7h0B0VY9O9Rmct-_KU4/edit?usp=sharing,,,JPy,,,OUI,30/03/2020,50.430439,2.813523,86 Rue Paul Bert 62300 Lens,0.95,housenumber,62498_2670_00086,86,Rue Paul Bert,,62300,Lens,"62, Pas-de-Calais, Hauts-de-France",62498,,,,62
Fablab Côte d’Opale,,DIY,PROTECTION,DIY/FABLAB,,ENTREPRISE,,https://fablabcotedopale.com,,+33 3 21 19 47 78,,,,,885 Rue Louis Breguet Bat N°4  62100 Calais,,Calais,France,,,https://docs.google.com/spreadsheets/d/1AuFOZjWxkcBIKoZVbi31pURp7h0B0VY9O9Rmct-_KU4/edit?usp=sharing,,,JPy,,,OUI,30/03/2020,50.955401,1.915157,885 Rue Louis Bréguet 62100 Calais,0.65,housenumber,62193_0608_00885,885,Rue Louis Bréguet,,62100,Calais,"62, Pas-de-Calais, Hauts-de-France",62193,,,,62
La Machinerie,,DIY,PROTECTION,DIY/FABLAB,,ENTREPRISE,,https://lamachinerie.org,Yann Paulmier,09 66 85 18 51,,,,,1 bis rue de la Vallée,,Amiens,France,,Yann Paulmier,https://docs.google.com/spreadsheets/d/1AuFOZjWxkcBIKoZVbi31pURp7h0B0VY9O9Rmct-_KU4/edit?usp=sharing,,,JPy,,,OUI,30/03/2020,49.892085,2.308801,1 bis Rue de la Vallée 80000 Amiens,0.96,housenumber,80021_7930_00001_bis,1 bis,Rue de la Vallée,,80000,Amiens,"80, Somme, Hauts-de-France",80021,,,,80
Fablab Sorbonne Université,,DIY,PROTECTION,DIY/FABLAB,,ENTREPRISE,,http://fablab.sorbonne-universites.fr/,SIMON Christian,+ 33 1 56 81 08 40,,,,,26 rue des Fossés Saint-Jacques,75005,Paris,France,,SIMON Christian,https://docs.google.com/spreadsheets/d/1AuFOZjWxkcBIKoZVbi31pURp7h0B0VY9O9Rmct-_KU4/edit?usp=sharing,,,JPy,,,OUI,30/03/2020,48.84494,2.344854,26 Rue des Fossés Saint-jacques 75005 Paris,0.96,housenumber,75105_3749_00026,26,Rue des Fossés Saint-jacques,,75005,Paris,"75, Paris, Île-de-France",75105,,,Paris 5e Arrondissement,75
Le petit fablab de Paris,,DIY,PROTECTION,DIY/FABLAB,,ENTREPRISE,,https://lepetitfablabdeparis.fr/,Andy et Laurent,,,,,,86 Av. Philippe Auguste,75011,Paris,France,,Andy et Laurent,https://docs.google.com/spreadsheets/d/1AuFOZjWxkcBIKoZVbi31pURp7h0B0VY9O9Rmct-_KU4/edit?usp=sharing,,,JPy,,,OUI,30/03/2020,48.855162,2.391942,86 Avenue Philippe-auguste 75011 Paris,0.82,housenumber,75111_7380_00086,86,Avenue Philippe-auguste,,75011,Paris,"75, Paris, Île-de-France",75111,,,Paris 11e Arrondissement,75
La Fabrique des Mobilités,,DIY,PROTECTION,DIY/FABLAB,,ENTREPRISE,,lafabriquedesmobilites.fr,,,,,,,3 Passage Saint-Pierre Amelot,75011,Paris,France,,,https://docs.google.com/spreadsheets/d/1AuFOZjWxkcBIKoZVbi31pURp7h0B0VY9O9Rmct-_KU4/edit?usp=sharing,,,JPy,,,OUI,30/03/2020,48.862312,2.368422,3 Passage Saint-pierre Amelot 75011 Paris,0.96,housenumber,75111_8733_00003,3,Passage Saint-pierre Amelot,,75011,Paris,"75, Paris, Île-de-France",75111,,,Paris 11e Arrondissement,75
ASTS Fablab,,DIY,PROTECTION,DIY/FABLAB,,ENTREPRISE,,http://asts.paris/,,01 44 89 82 82,,,,,54 avenue edison,75013,Paris,France,,,https://docs.google.com/spreadsheets/d/1AuFOZjWxkcBIKoZVbi31pURp7h0B0VY9O9Rmct-_KU4/edit?usp=sharing,,,JPy,,,OUI,30/03/2020,48.829191,2.361102,54 Avenue Edison 75013 Paris,0.96,housenumber,75113_3120_00054,54,Avenue Edison,,75013,Paris,"75, Paris, Île-de-France",75113,,,Paris 13e Arrondissement,75
Homemakers,,DIY,PROTECTION,DIY/FABLAB,,ENTREPRISE,,https://www.homemakers.fr/,Julia ou Gilles,06 19 36 19 19,,,,,35-37 rue des Favorites,75015,Paris,France,,Julia ou Gilles,https://docs.google.com/spreadsheets/d/1AuFOZjWxkcBIKoZVbi31pURp7h0B0VY9O9Rmct-_KU4/edit?usp=sharing,,,JPy,,,OUI,30/03/2020,48.837735,2.304775,37 Rue des Favorites 75015 Paris,0.88,housenumber,75115_3536_00037,37,Rue des Favorites,,75015,Paris,"75, Paris, Île-de-France",75115,,,Paris 15e Arrondissement,75
WoMa,,DIY,PROTECTION,DIY/FABLAB,,ENTREPRISE,,https://woma.fr,Minh,+33 1 40 18 59 21,,,,,15 bis rue Léon Giraud,75019,Paris,France,,Minh,https://docs.google.com/spreadsheets/d/1AuFOZjWxkcBIKoZVbi31pURp7h0B0VY9O9Rmct-_KU4/edit?usp=sharing,,,JPy,,,OUI,30/03/2020,48.887867,2.382731,15 b Rue Léon Giraud 75019 Paris,0.86,housenumber,75119_5558_00015_b,15 b,Rue Léon Giraud,,75019,Paris,"75, Paris, Île-de-France",75119,,,Paris 19e Arrondissement,75
Carrefour Numérique – Cité des Sciences,,DIY,PROTECTION,DIY/FABLAB,,ENTREPRISE,,http://www.cite-sciences.fr/fr/au-programme/lieux-ressources/carrefour-numerique2/,,,,,,,Cité des sciences et de l'industrie  30 avenue Corentin Cariou,75019,Paris,France,,,https://docs.google.com/spreadsheets/d/1AuFOZjWxkcBIKoZVbi31pURp7h0B0VY9O9Rmct-_KU4/edit?usp=sharing,,,JPy,,,OUI,30/03/2020,48.89724,2.385575,30 Avenue Corentin Cariou 75019 Paris,0.51,housenumber,75119_2334_00030,30,Avenue Corentin Cariou,,75019,Paris,"75, Paris, Île-de-France",75119,,,Paris 19e Arrondissement,75
Villette Makerz,,DIY,PROTECTION,DIY/FABLAB,,ENTREPRISE,,https://villettemakerz.com/,,,,,,,211 avenue Jean Jaurès,75019,Paris,France,,,https://docs.google.com/spreadsheets/d/1AuFOZjWxkcBIKoZVbi31pURp7h0B0VY9O9Rmct-_KU4/edit?usp=sharing,,,JPy,,,OUI,30/03/2020,48.888952,2.392454,211 Avenue Jean Jaurès 75019 Paris,0.96,housenumber,75119_4903_00211,211,Avenue Jean Jaurès,,75019,Paris,"75, Paris, Île-de-France",75119,,,Paris 19e Arrondissement,75
CRI Maker Lab,,DIY,PROTECTION,DIY/FABLAB,,ENTREPRISE,,https://makerlab.cri-paris.org/,Kevin,,,,,,Rue Charles V,75004,Paris,France,,Kevin,https://docs.google.com/spreadsheets/d/1AuFOZjWxkcBIKoZVbi31pURp7h0B0VY9O9Rmct-_KU4/edit?usp=sharing,,,JPy,,,OUI,30/03/2020,48.852431,2.363665,Rue Charles V 75004 Paris,0.95,street,75104_1813,,Rue Charles V,,75004,Paris,"75, Paris, Île-de-France",75104,,,Paris 4e Arrondissement,75
Simplon Lab,,DIY,PROTECTION,DIY/FABLAB,,ENTREPRISE,,http://fablab.simplon.co/,Michele de Trucco,,,,,,4 rue Serpollet,75020,Paris,France,,Michele de Trucco,https://docs.google.com/spreadsheets/d/1AuFOZjWxkcBIKoZVbi31pURp7h0B0VY9O9Rmct-_KU4/edit?usp=sharing,,,JPy,,,OUI,30/03/2020,48.860552,2.410132,4 Rue Serpollet 75020 Paris,0.96,housenumber,75120_8934_00004,4,Rue Serpollet,,75020,Paris,"75, Paris, Île-de-France",75120,,,Paris 20e Arrondissement,75
Volumes,,DIY,PROTECTION,DIY/FABLAB,,ENTREPRISE,,http://volumesparis.org/,NR,,,,,,78 rue Compans,75019,Paris,France,,NR,https://docs.google.com/spreadsheets/d/1AuFOZjWxkcBIKoZVbi31pURp7h0B0VY9O9Rmct-_KU4/edit?usp=sharing,,,JPy,,,OUI,30/03/2020,48.87932,2.392106,78 Rue Compans 75019 Paris,0.96,housenumber,75119_2252_00078,78,Rue Compans,,75019,Paris,"75, Paris, Île-de-France",75119,,,Paris 19e Arrondissement,75
FabLab Descartes,,DIY,PROTECTION,DIY/FABLAB,,ENTREPRISE,,https://www.fablab-descartes.com/,Jean-Christophe DE TAUZIA,01 60 53 62 45,,,,,2bis rue Alfred Nobel,,Champs-sur-Marne,France,,Jean-Christophe DE TAUZIA,https://docs.google.com/spreadsheets/d/1AuFOZjWxkcBIKoZVbi31pURp7h0B0VY9O9Rmct-_KU4/edit?usp=sharing,,,JPy,,,OUI,30/03/2020,48.837789,2.587219,2 bis Rue Alfred Nobel 77420 Champs-sur-Marne,0.88,housenumber,77083_0016_00002_bis,2 bis,Rue Alfred Nobel,,77420,Champs-sur-Marne,"77, Seine-et-Marne, Île-de-France",77083,,,,77
Fablab Moebius,,DIY,PROTECTION,DIY/FABLAB,,ENTREPRISE,,https://www.fablab-moebius.org/,Naymeric Vilafruela,,,,,,8 Rue Théodore Rousseau,77630,Barbizon,France,,Naymeric Vilafruela,https://docs.google.com/spreadsheets/d/1AuFOZjWxkcBIKoZVbi31pURp7h0B0VY9O9Rmct-_KU4/edit?usp=sharing,,,JPy,,,OUI,30/03/2020,48.444209,2.605314,8 Rue Theodore Rousseau 77630 Barbizon,0.94,housenumber,77022_0800_00008,8,Rue Theodore Rousseau,,77630,Barbizon,"77, Seine-et-Marne, Île-de-France",77022,,,,77
mobiLAB — Fondation Vedecom,,DIY,PROTECTION,DIY/FABLAB,,ENTREPRISE,,http://www.vedecom.fr/,,+33 1 30 97 01 80,,,,,23 bis Allée des Marronniers,78000,Versailles,France,,,https://docs.google.com/spreadsheets/d/1AuFOZjWxkcBIKoZVbi31pURp7h0B0VY9O9Rmct-_KU4/edit?usp=sharing,,,JPy,,,OUI,30/03/2020,48.784955,2.097864,23 bis Allée des Marronniers 78000 Versailles,0.96,housenumber,78646_1862_00023_bis,23 bis,Allée des Marronniers,,78000,Versailles,"78, Yvelines, Île-de-France",78646,,,,78
Hatlab / Sqylab,,DIY,PROTECTION,DIY/FABLAB,,ENTREPRISE,,https://www.hatlab.fr/,,01 39 38 09 50,,,,,4 rue Louis Lormand,,La Verrière,France,,,https://docs.google.com/spreadsheets/d/1AuFOZjWxkcBIKoZVbi31pURp7h0B0VY9O9Rmct-_KU4/edit?usp=sharing,,,JPy,,,OUI,30/03/2020,48.757389,1.943234,4 Rue Louis Lormand 78320 La Verrière,0.95,housenumber,78644_0092_00004,4,Rue Louis Lormand,,78320,La Verrière,"78, Yvelines, Île-de-France",78644,,,,78
PlasciLab Planète Science,,DIY,PROTECTION,DIY/FABLAB,,ENTREPRISE,,https://www.plascilab.fr/,,01.69.02.76.10,,,,,Espace des Sciences Plascilab  3 place Babel,91130,Ris Orangis,France,,,https://docs.google.com/spreadsheets/d/1AuFOZjWxkcBIKoZVbi31pURp7h0B0VY9O9Rmct-_KU4/edit?usp=sharing,,,JPy,,,OUI,30/03/2020,48.659716,2.41561,3 Place de Babel 91130 Ris-Orangis,0.54,housenumber,91521_0234_00003,3,Place de Babel,,91130,Ris-Orangis,"91, Essonne, Île-de-France",91521,,,,91
Inria Digiscope,,DIY,PROTECTION,DIY/FABLAB,,ENTREPRISE,,http://www.digiscope.fr/fr/platforms/fablab,Romain di Vozzo,,,,,,Laboratoire de Recherche en Informatique de l'université Paris-Saclay  bâtiment 660 Claude Shannon  Rue Noetzlin  91190 Gif-sur-Yvette  France,91400,Saclay,France,,Romain di Vozzo,https://docs.google.com/spreadsheets/d/1AuFOZjWxkcBIKoZVbi31pURp7h0B0VY9O9Rmct-_KU4/edit?usp=sharing,,,JPy,,,OUI,30/03/2020,48.710615,2.170159,Rue Noetzlin 91190 Gif-sur-Yvette,0.24,locality,91272_1918,,Rue Noetzlin,,91190,Gif-sur-Yvette,"91, Essonne, Île-de-France",91272,,,,91
Faclab  université de Cergy-Pontoise,,DIY,PROTECTION,DIY/FABLAB,,ENTREPRISE,,https://www.faclab.org/,Laurent Ricard,,,,,,1 avenue Marcel Paul  Z.A.C. des Barbanniers,92230,Genevilliers,France,,Laurent Ricard,https://docs.google.com/spreadsheets/d/1AuFOZjWxkcBIKoZVbi31pURp7h0B0VY9O9Rmct-_KU4/edit?usp=sharing,,,JPy,,,OUI,30/03/2020,48.933841,2.302458,1 Avenue Marcel Paul 92230 Gennevilliers,0.64,housenumber,92036_6138_00001,1,Avenue Marcel Paul,,92230,Gennevilliers,"92, Hauts-de-Seine, Île-de-France",92036,,,,92
Les fabriqueurs,,DIY,PROTECTION,DIY/FABLAB,,,,https://www.fabriqueurs.com/,,,,,,,6 avenue jean Jaures,92240,Malakoff,France,,,https://docs.google.com/spreadsheets/d/1AuFOZjWxkcBIKoZVbi31pURp7h0B0VY9O9Rmct-_KU4/edit?usp=sharing,,,JPy,,,OUI,30/03/2020,48.82161,2.303004,6 Avenue Jean Jaurès 92240 Malakoff,0.95,housenumber,92046_4730_00006,6,Avenue Jean Jaurès,,92240,Malakoff,"92, Hauts-de-Seine, Île-de-France",92046,,,,92
CESI,,DIY,PROTECTION,DIY/FABLAB,,,,https://recherche.cesi.fr/nanterre/,ROEKENS Benoît,01.55.17.80.00,,,,,93 boulevard de la Seine,92006,Nanterre,France,,ROEKENS Benoît,https://docs.google.com/spreadsheets/d/1AuFOZjWxkcBIKoZVbi31pURp7h0B0VY9O9Rmct-_KU4/edit?usp=sharing,,,JPy,,,OUI,30/03/2020,48.903468,2.193291,93 Boulevard de la Seine 92000 Nanterre,0.87,housenumber,92050_8545_00093,93,Boulevard de la Seine,,92000,Nanterre,"92, Hauts-de-Seine, Île-de-France",92050,,,,92
CO-DEV,,DIY,PROTECTION,DIY/FABLAB,,,,http://co-dev.org/,,09.67.18.94.36 / 06 86 95 26 43,,,,,23 rue Navoiseau,93100,Montreuil,France,,,https://docs.google.com/spreadsheets/d/1AuFOZjWxkcBIKoZVbi31pURp7h0B0VY9O9Rmct-_KU4/edit?usp=sharing,,,JPy,,,OUI,30/03/2020,48.853818,2.430764,23 Rue Navoiseau 93100 Montreuil,0.96,housenumber,93048_6620_00023,23,Rue Navoiseau,,93100,Montreuil,"93, Seine-Saint-Denis, Île-de-France",93048,,,,93
La fabrique de l'espoir,,DIY,PROTECTION,DIY/FABLAB,,,,http://fablab-laverriere.org/,Frédérique Tissier,,,,,,2 places du 19 mars 1962,93100,Montreuil,France,,Frédérique Tissier,https://docs.google.com/spreadsheets/d/1AuFOZjWxkcBIKoZVbi31pURp7h0B0VY9O9Rmct-_KU4/edit?usp=sharing,,,JPy,,,OUI,30/03/2020,48.860028,2.441907,2 Place du 19 Mars 1962 93100 Montreuil,0.89,housenumber,93048_2573_00002,2,Place du 19 Mars 1962,,93100,Montreuil,"93, Seine-Saint-Denis, Île-de-France",93048,,,,93
Apedec,,DIY,PROTECTION,DIY/FABLAB,,,,http://www.apedec.org/,,,,,,,143 rue de rosny,93100,Montreuil,France,,,https://docs.google.com/spreadsheets/d/1AuFOZjWxkcBIKoZVbi31pURp7h0B0VY9O9Rmct-_KU4/edit?usp=sharing,,,JPy,,,OUI,30/03/2020,48.86648,2.455283,143 Rue de Rosny 93100 Montreuil,0.96,housenumber,93048_8260_00143,143,Rue de Rosny,,93100,Montreuil,"93, Seine-Saint-Denis, Île-de-France",93048,,,,93
Maison Populaire,,DIY,PROTECTION,DIY/FABLAB,,,,https://www.maisonpop.fr/,,01 42 87 08 68,,,,,9bis rue Dombasle,93100,Montreuil,France,,,https://docs.google.com/spreadsheets/d/1AuFOZjWxkcBIKoZVbi31pURp7h0B0VY9O9Rmct-_KU4/edit?usp=sharing,,,JPy,,,OUI,30/03/2020,48.864221,2.450086,9 bis Rue Dombasle 93100 Montreuil,0.88,housenumber,93048_2590_00009_bis,9 bis,Rue Dombasle,,93100,Montreuil,"93, Seine-Saint-Denis, Île-de-France",93048,,,,93
Collège Louise Michel,,DIY,PROTECTION,DIY/FABLAB,,,,michel-clichysousbois.webcollege.fr/fablab/,,,,,,,,93390,Clichy-sous-Bois,France,,,https://docs.google.com/spreadsheets/d/1AuFOZjWxkcBIKoZVbi31pURp7h0B0VY9O9Rmct-_KU4/edit?usp=sharing,,,JPy,,,OUI,30/03/2020,48.906453,2.542673,Clichy-sous-Bois,0.95,municipality,93014,,Clichy-sous-Bois,,93390,Clichy-sous-Bois,"93, Seine-Saint-Denis, Île-de-France",93014,,,,93
FabLab  groupe scolaire Yves Coppens,,DIY,PROTECTION,DIY/FABLAB,,,,,,+33 1 30 26 30 26,,,,,rue du Général-de-Gaulle,95370,Montigny-Lès-Cormeilles,France,,,https://docs.google.com/spreadsheets/d/1AuFOZjWxkcBIKoZVbi31pURp7h0B0VY9O9Rmct-_KU4/edit?usp=sharing,,,JPy,,,OUI,30/03/2020,48.987855,2.189908,Rue General de Gaulle 95370 Montigny-lès-Cormeilles,0.9,street,95424_0410,,Rue General de Gaulle,,95370,Montigny-lès-Cormeilles,"95, Val-d'Oise, Île-de-France",95424,,,,95
LabBoîte,,DIY,PROTECTION,DIY/FABLAB,,,,https://www.labboite.fr/,,,,,,,Parvis de la Préfecture,95000,Cergy-Pontoise,France,,,https://docs.google.com/spreadsheets/d/1AuFOZjWxkcBIKoZVbi31pURp7h0B0VY9O9Rmct-_KU4/edit?usp=sharing,,,JPy,,,OUI,30/03/2020,49.036051,2.077519,Parvis de la Prefecture 95000 Cergy,0.77,street,95127_a931,,Parvis de la Prefecture,,95000,Cergy,"95, Val-d'Oise, Île-de-France",95127,,,,95
VoLab – VoRobotics,,DIY,PROTECTION,DIY/FABLAB,,,,http://www.vorobotics.com/wp/le-projet-volab/,,06.23.41.24.22,,,,,Rue de L’Orée du Bois,95490,Vauréal,France,,,https://docs.google.com/spreadsheets/d/1AuFOZjWxkcBIKoZVbi31pURp7h0B0VY9O9Rmct-_KU4/edit?usp=sharing,,,JPy,,,OUI,30/03/2020,49.02281,2.031136,Rue de l'Oree du Bois 95490 Vauréal,0.95,street,95637_0376,,Rue de l'Oree du Bois,,95490,Vauréal,"95, Val-d'Oise, Île-de-France",95637,,,,95
Relais d'sciences - Le Dôme,,DIY,PROTECTION,DIY/FABLAB,,ENTREPRISE,,http://ledome.info/,Mathieu Debar,02 61 45 19 35,,,,,3 Esplanade Stéphane Hessel,14000,Caen,France,,Mathieu Debar,https://docs.google.com/spreadsheets/d/1AuFOZjWxkcBIKoZVbi31pURp7h0B0VY9O9Rmct-_KU4/edit?usp=sharing,,,JPy,,,OUI,30/03/2020,49.180701,-0.348044,3 Esplanade Stéphane Hessel 14000 Caen,0.96,housenumber,14118_6954_00003,3,Esplanade Stéphane Hessel,,14000,Caen,"14, Calvados, Normandie",14118,,,,14
Hack'Eure,,DIY,PROTECTION,DIY/FABLAB,,ENTREPRISE,,http://hackeurelab.fr/,Vincent Sortelle,,,,,,1118 Rue de Cocherel,27000,Evreux,France,,Vincent Sortelle,https://docs.google.com/spreadsheets/d/1AuFOZjWxkcBIKoZVbi31pURp7h0B0VY9O9Rmct-_KU4/edit?usp=sharing,,,JPy,,,OUI,30/03/2020,49.017883,1.184926,1118 Rue de Cocherel 27000 Évreux,0.96,housenumber,27229_0730_01118,1118,Rue de Cocherel,,27000,Évreux,"27, Eure, Normandie",27229,,,,27
Manche Lab,,DIY,PROTECTION,DIY/FABLAB,,ENTREPRISE,,https://manchenumerique.fr/,Véronique BIDAN,233778360,,,,,205 Rue Joseph Cugnot,50000,Saint-Lô,France,,Véronique BIDAN,https://docs.google.com/spreadsheets/d/1AuFOZjWxkcBIKoZVbi31pURp7h0B0VY9O9Rmct-_KU4/edit?usp=sharing,,,JPy,,,OUI,30/03/2020,49.111548,-1.049635,Rue Joseph Cugnot 50000 Saint-Lô,0.85,street,50502_1607,,Rue Joseph Cugnot,,50000,Saint-Lô,"50, Manche, Normandie",50502,,,,50
Esix Cherbourg,,DIY,PROTECTION,DIY/FABLAB,,ENTREPRISE,,http://www.unicaen.fr/esix/,Mélanie Tjollyn (étudiante),,,,,,60 rue Max-Pol Fouchet  CS 20082,50130,Cherbourg,France,,Mélanie Tjollyn (étudiante),https://docs.google.com/spreadsheets/d/1AuFOZjWxkcBIKoZVbi31pURp7h0B0VY9O9Rmct-_KU4/edit?usp=sharing,,,JPy,,,OUI,30/03/2020,49.630237,-1.598475,60 Rue Max Pol Fouchet 50130 Cherbourg-en-Cotentin,0.66,housenumber,50129_2378_00060,60,Rue Max Pol Fouchet,,50130,Cherbourg-en-Cotentin,"50, Manche, Normandie",50129,50129,Cherbourg-Octeville,,50
L’écloserie numérique,,DIY,PROTECTION,DIY/FABLAB,,ENTREPRISE,,http://ecloserie-numerique.com/,Xavier de Mazenod,,,,,,La Clairière,61500,Boitron,France,,Xavier de Mazenod,https://docs.google.com/spreadsheets/d/1AuFOZjWxkcBIKoZVbi31pURp7h0B0VY9O9Rmct-_KU4/edit?usp=sharing,,,JPy,,,OUI,30/03/2020,48.56144,0.267505,La Clairiere 61500 Boitron,0.93,street,61051_oy97ka,,La Clairiere,,61500,Boitron,"61, Orne, Normandie",61051,,,,61
Les Fils conducteurs,,DIY,PROTECTION,DIY/FABLAB,,ENTREPRISE,,,,,,,,,,76000,Rouen,France,,,https://docs.google.com/spreadsheets/d/1AuFOZjWxkcBIKoZVbi31pURp7h0B0VY9O9Rmct-_KU4/edit?usp=sharing,,,JPy,,,OUI,30/03/2020,49.440338,1.091805,Rouen,0.96,municipality,76540,,Rouen,,76000,Rouen,"76, Seine-Maritime, Normandie",76540,,,,76
Les Copeaux numériques,,DIY,PROTECTION,DIY/FABLAB,,ENTREPRISE,,,,,,,,,,76140,Le Petit-Quevilly,France,,,https://docs.google.com/spreadsheets/d/1AuFOZjWxkcBIKoZVbi31pURp7h0B0VY9O9Rmct-_KU4/edit?usp=sharing,,,JPy,,,OUI,30/03/2020,49.422621,1.05921,Le Petit-Quevilly,0.95,municipality,76498,,Le Petit-Quevilly,,76140,Le Petit-Quevilly,"76, Seine-Maritime, Normandie",76498,,,,76
FabLab de Montivilliers,,DIY,PROTECTION,DIY/FABLAB,,ENTREPRISE,,,Olivier Longour,,,,,,2 rue du champ de foire,76290,Montivilliers,France,,Olivier Longour,https://docs.google.com/spreadsheets/d/1AuFOZjWxkcBIKoZVbi31pURp7h0B0VY9O9Rmct-_KU4/edit?usp=sharing,,,JPy,,,OUI,30/03/2020,49.548117,0.191614,2 Rue du Champ de Foire 76290 Montivilliers,0.95,housenumber,76447_0160_00002,2,Rue du Champ de Foire,,76290,Montivilliers,"76, Seine-Maritime, Normandie",76447,,,,76
lh3d — Lycée Jules Siegfried,,DIY,PROTECTION,DIY/FABLAB,,ENTREPRISE,,http://lh3d.fr/,Boris.L,02 35 11 25 56,,,,,CCI  181 Quai Frissard,76600,Le Havre,France,,Boris.L,https://docs.google.com/spreadsheets/d/1AuFOZjWxkcBIKoZVbi31pURp7h0B0VY9O9Rmct-_KU4/edit?usp=sharing,,,JPy,,,OUI,30/03/2020,49.491639,0.131878,181 Quai Frissard 76600 Le Havre,0.86,housenumber,76351_3240_00181,181,Quai Frissard,,76600,Le Havre,"76, Seine-Maritime, Normandie",76351,,,,76
CREALAB,,DIY,PROTECTION,DIY/FABLAB,,ENTREPRISE,,https://www.eurekatech.fr/contact/,,05 45 25 51 00,,,,,70 Rue Jean Doucet  16470 Saint-Michel,,,France,,,https://docs.google.com/spreadsheets/d/1AuFOZjWxkcBIKoZVbi31pURp7h0B0VY9O9Rmct-_KU4/edit?usp=sharing,,,JPy,,,OUI,30/03/2020,45.630653,0.116585,70 Rue Jean Doucet 16470 Saint-Michel,0.94,housenumber,16341_0280_00070,70,Rue Jean Doucet,,16470,Saint-Michel,"16, Charente, Nouvelle-Aquitaine",16341,,,,16
Fablab 19,,DIY,PROTECTION,DIY/FABLAB,,ENTREPRISE,,,,05 55 86 48 00,,,,,7 Rue Jules Vallès  19100 Brive-la-Gaillarde,19100,Brive,France,,,https://docs.google.com/spreadsheets/d/1AuFOZjWxkcBIKoZVbi31pURp7h0B0VY9O9Rmct-_KU4/edit?usp=sharing,,,JPy,,,OUI,30/03/2020,45.154501,1.508583,7 Rue Jules Valles 19100 Brive-la-Gaillarde,0.75,housenumber,19031_3590_00007,7,Rue Jules Valles,,19100,Brive-la-Gaillarde,"19, Corrèze, Nouvelle-Aquitaine",19031,,,,19
Quincaillerie numérique,,DIY,PROTECTION,DIY/FABLAB,,ENTREPRISE,,https://www.laquincaillerie.tl/,Eric Durand,05 55 80 93 25,,,,,22 Avenue Charles de Gaulle  23000 Guéret,23000,Guéret,France,,Eric Durand,https://docs.google.com/spreadsheets/d/1AuFOZjWxkcBIKoZVbi31pURp7h0B0VY9O9Rmct-_KU4/edit?usp=sharing,,,JPy,,,OUI,30/03/2020,46.170569,1.874279,22 Avenue Charles de Gaulle 23000 Guéret,0.72,housenumber,23096_0427_00022,22,Avenue Charles de Gaulle,,23000,Guéret,"23, Creuse, Nouvelle-Aquitaine",23096,,,,23
Mars’Hack Fablab,,DIY,PROTECTION,DIY/FABLAB,,ENTREPRISE,,https://mars-hack-lab.fr/,Arnaud Zany,,,,,,"95 Route de Bordeaux
24430 Marsac-sur-l’Isle",,Marsac,France,,Arnaud Zany,https://docs.google.com/spreadsheets/d/1AuFOZjWxkcBIKoZVbi31pURp7h0B0VY9O9Rmct-_KU4/edit?usp=sharing,,,JPy,,,OUI,30/03/2020,45.183682,0.655474,95 Route de Bordeaux 24430 Marsac-sur-l'Isle,0.82,housenumber,24256_0050_00095,95,Route de Bordeaux,,24430,Marsac-sur-l'Isle,"24, Dordogne, Nouvelle-Aquitaine",24256,,,,24
Bordeaux école numérique,,DIY,PROTECTION,DIY/FABLAB,,ENTREPRISE,,,,,,,,,,33130,Bègles,France,,,https://docs.google.com/spreadsheets/d/1AuFOZjWxkcBIKoZVbi31pURp7h0B0VY9O9Rmct-_KU4/edit?usp=sharing,,,JPy,,,OUI,30/03/2020,44.802073,-0.551312,Bègles,0.95,municipality,33039,,Bègles,,33130,Bègles,"33, Gironde, Nouvelle-Aquitaine",33039,,,,33
Communauté de Communes de Montesquieu,,DIY,PROTECTION,DIY/FABLAB,,ENTREPRISE,,,,05 57 96 79 63,,,,,,33650,Martillac,France,,,https://docs.google.com/spreadsheets/d/1AuFOZjWxkcBIKoZVbi31pURp7h0B0VY9O9Rmct-_KU4/edit?usp=sharing,,,JPy,,,OUI,30/03/2020,44.721706,-0.555559,Martillac,0.94,municipality,33274,,Martillac,,33650,Martillac,"33, Gironde, Nouvelle-Aquitaine",33274,,,,33
L'Établi – UTL Landes,,DIY,PROTECTION,DIY/FABLAB,,ENTREPRISE,,https://letabli.net/,Fernand,,,,,,pôle associatif - 18 rue de Moscou,40140,Soustons,France,,Fernand,https://docs.google.com/spreadsheets/d/1AuFOZjWxkcBIKoZVbi31pURp7h0B0VY9O9Rmct-_KU4/edit?usp=sharing,,,JPy,,,OUI,30/03/2020,43.748225,-1.324386,18 Rue de Moscou 40140 Soustons,0.63,housenumber,40310_2382_00018,18,Rue de Moscou,,40140,Soustons,"40, Landes, Nouvelle-Aquitaine",40310,,,,40
Pulseo,,DIY,PROTECTION,DIY/FABLAB,,ENTREPRISE,,https://pulseo.fr/makeo/,Pol Olory,05 24 26 30 10,,,,,1 Avenue de la Gare  40100 Dax,40100,Dax,France,,Pol Olory,https://docs.google.com/spreadsheets/d/1AuFOZjWxkcBIKoZVbi31pURp7h0B0VY9O9Rmct-_KU4/edit?usp=sharing,,,JPy,,,OUI,30/03/2020,43.719944,-1.051884,1 Avenue de la Gare 40100 Dax,0.71,housenumber,40088_0820_00001,1,Avenue de la Gare,,40100,Dax,"40, Landes, Nouvelle-Aquitaine",40088,,,,40
Mips-Lab,,DIY,PROTECTION,DIY/FABLAB,,ENTREPRISE,,https://www.mips-lab.net/informations-pratiques,Guillaume,,,,,,4 Rue Despourrins  64000 Pau,64000,Pau,France,,Guillaume,https://docs.google.com/spreadsheets/d/1AuFOZjWxkcBIKoZVbi31pURp7h0B0VY9O9Rmct-_KU4/edit?usp=sharing,,,JPy,,,OUI,30/03/2020,43.299184,-0.366691,4 Rue Despourrins 64000 Pau,0.71,housenumber,64445_1240_00004,4,Rue Despourrins,,64000,Pau,"64, Pyrénées-Atlantiques, Nouvelle-Aquitaine",64445,,,,64
La Fab'Brique - Le Fablab du Béarn des Gaves,,DIY,PROTECTION,DIY/FABLAB,,ENTREPRISE,,http://lafabbrique.org/du/,Rick Palmer,,,,,,"Module#3 - La Station RD27
64390 Sauveterre-de-Béarn",64390,Sauveterre-de-Béarn,France,,Rick Palmer,https://docs.google.com/spreadsheets/d/1AuFOZjWxkcBIKoZVbi31pURp7h0B0VY9O9Rmct-_KU4/edit?usp=sharing,,,JPy,,,OUI,30/03/2020,43.391305,-0.944804,Avenue de la Gare 64390 Sauveterre-de-Béarn,0.44,locality,64513_0520,,Avenue de la Gare,,64390,Sauveterre-de-Béarn,"64, Pyrénées-Atlantiques, Nouvelle-Aquitaine",64513,,,,64
Betalab,,DIY,PROTECTION,DIY/FABLAB,,ENTREPRISE,,http://www.labetapi.fr/,Kim Delagarde,,,,,,5 Rue du Bourgneuf  79500 Melle,79500,Melle,France,,Kim Delagarde,https://docs.google.com/spreadsheets/d/1AuFOZjWxkcBIKoZVbi31pURp7h0B0VY9O9Rmct-_KU4/edit?usp=sharing,,,JPy,,,OUI,30/03/2020,46.221118,-0.145697,5 Rue du Bourgneuf 79500 Melle,0.68,housenumber,79174_0090_00005,5,Rue du Bourgneuf,,79500,Melle,"79, Deux-Sèvres, Nouvelle-Aquitaine",79174,79174,Melle,,79
Les Usines (nouvelles),,DIY,PROTECTION,DIY/FABLAB,,ENTREPRISE,,https://lesusines.fr/fablab/,Julien Rat,,,,,,La Filature  Avenue de la Plage,86240,Ligugé,France,,Julien Rat,https://docs.google.com/spreadsheets/d/1AuFOZjWxkcBIKoZVbi31pURp7h0B0VY9O9Rmct-_KU4/edit?usp=sharing,,,JPy,,,OUI,30/03/2020,46.514894,0.335553,Avenue de la Plage 86240 Ligugé,0.68,street,86133_0970,,Avenue de la Plage,,86240,Ligugé,"86, Vienne, Nouvelle-Aquitaine",86133,,,,86
FabLCube,,DIY,PROTECTION,DIY/FABLAB,,ENTREPRISE,,,,,,,,,11  Allée des Gravelles  87280 Limoges,87000,Limoges,France,,,https://docs.google.com/spreadsheets/d/1AuFOZjWxkcBIKoZVbi31pURp7h0B0VY9O9Rmct-_KU4/edit?usp=sharing,,,JPy,,,OUI,30/03/2020,45.885831,1.274328,11 Allée des Gravelles 87280 Limoges,0.7,housenumber,87085_2334_00011,11,Allée des Gravelles,,87280,Limoges,"87, Haute-Vienne, Nouvelle-Aquitaine",87085,,,,87
Flame,,DIY,PROTECTION,DIY/FABLAB,,ENTREPRISE,,http://www.cm-ariege.fr/flame-2796.html,Christophe Huertas,05.61.02.22.83,,,,,2  rue Jean Moulin – BP 90026,,Foix,France,,Christophe Huertas,https://docs.google.com/spreadsheets/d/1AuFOZjWxkcBIKoZVbi31pURp7h0B0VY9O9Rmct-_KU4/edit?usp=sharing,,,JPy,,,OUI,30/03/2020,42.96702,1.60508,2 Rue Jean Moulin 09000 Foix,0.68,housenumber,09122_0724_00002,2,Rue Jean Moulin,,9000,Foix,"09, Ariège, Occitanie",9122,,,,09
Deltalab,,DIY,PROTECTION,DIY/FABLAB,,ENTREPRISE,,,,,,,,,,,Carcassonne,France,,,https://docs.google.com/spreadsheets/d/1AuFOZjWxkcBIKoZVbi31pURp7h0B0VY9O9Rmct-_KU4/edit?usp=sharing,,,JPy,,,OUI,30/03/2020,43.207511,2.344538,Carcassonne,0.95,municipality,11069,,Carcassonne,,11000,Carcassonne,"11, Aude, Occitanie",11069,,,,11
Acilab,,DIY,PROTECTION,DIY/FABLAB,,ENTREPRISE,,,Peter Wollny,,,,,,,,Limoux,France,,Peter Wollny,https://docs.google.com/spreadsheets/d/1AuFOZjWxkcBIKoZVbi31pURp7h0B0VY9O9Rmct-_KU4/edit?usp=sharing,,,JPy,,,OUI,30/03/2020,43.053934,2.238912,Limoux,0.95,municipality,11206,,Limoux,,11300,Limoux,"11, Aude, Occitanie",11206,,,,11
Trait d’Union accompagnement,,DIY,PROTECTION,DIY/FABLAB,,ENTREPRISE,,,,,,,,,,,Limoux,France,,,https://docs.google.com/spreadsheets/d/1AuFOZjWxkcBIKoZVbi31pURp7h0B0VY9O9Rmct-_KU4/edit?usp=sharing,,,JPy,,,OUI,30/03/2020,43.053934,2.238912,Limoux,0.95,municipality,11206,,Limoux,,11300,Limoux,"11, Aude, Occitanie",11206,,,,11
Le Grand Narbonne,,DIY,PROTECTION,DIY/FABLAB,,ENTREPRISE,,,Laurie Bullich,04 11 23 22 00,,,,,,,Narbonne,France,,Laurie Bullich,https://docs.google.com/spreadsheets/d/1AuFOZjWxkcBIKoZVbi31pURp7h0B0VY9O9Rmct-_KU4/edit?usp=sharing,,,JPy,,,OUI,30/03/2020,43.172093,3.034085,Narbonne,0.95,municipality,11262,,Narbonne,,11100,Narbonne,"11, Aude, Occitanie",11262,,,,11
RuTech / FabLab de la MJC de Rodez,,DIY,PROTECTION,DIY/FABLAB,,ENTREPRISE,,,David Marois,,,,,,1 rue saint cyrice,,Rodez,France,,David Marois,https://docs.google.com/spreadsheets/d/1AuFOZjWxkcBIKoZVbi31pURp7h0B0VY9O9Rmct-_KU4/edit?usp=sharing,,,JPy,,,OUI,30/03/2020,44.352992,2.577993,1 Rue Saint Cyrice 12000 Rodez,0.95,housenumber,12202_1640_00001,1,Rue Saint Cyrice,,12000,Rodez,"12, Aveyron, Occitanie",12202,,,,12
CréaLab - MillauLab,,DIY,PROTECTION,DIY/FABLAB,,ENTREPRISE,,www.millaulab.fr,,05 65 60 08 00,,,,,10 Boulevard Sadi Carnot  Millau,,Millau,France,,,https://docs.google.com/spreadsheets/d/1AuFOZjWxkcBIKoZVbi31pURp7h0B0VY9O9Rmct-_KU4/edit?usp=sharing,,,JPy,,,OUI,30/03/2020,44.098465,3.079176,10 Boulevard Sadi Carnot 12100 Millau,0.78,housenumber,12145_2640_00010,10,Boulevard Sadi Carnot,,12100,Millau,"12, Aveyron, Occitanie",12145,,,,12
Les incroyables possibles,,DIY,PROTECTION,DIY/FABLAB,,ENTREPRISE,,https://lefablab.fr/,Rajâa,,,,,,69 Rue Georges Besse,,Nimes,France,,Rajâa,https://docs.google.com/spreadsheets/d/1AuFOZjWxkcBIKoZVbi31pURp7h0B0VY9O9Rmct-_KU4/edit?usp=sharing,,,JPy,,,OUI,30/03/2020,43.821556,4.368586,69 Rue Georges Besse 30000 Nîmes,0.96,housenumber,30189_3679_00069,69,Rue Georges Besse,,30000,Nîmes,"30, Gard, Occitanie",30189,,,,30
Artilect,,DIY,PROTECTION,DIY/FABLAB,,ENTREPRISE,,https://artilect.fr/,Nicolas Lassabe,,,,,,27Bis Allée Maurice Sarraut,,Toulouse,France,,Nicolas Lassabe,https://docs.google.com/spreadsheets/d/1AuFOZjWxkcBIKoZVbi31pURp7h0B0VY9O9Rmct-_KU4/edit?usp=sharing,,,JPy,,,OUI,30/03/2020,43.594006,1.421281,27 bis Allée Maurice Sarraut 31300 Toulouse,0.89,housenumber,31555_5816_00027_bis,27 bis,Allée Maurice Sarraut,,31300,Toulouse,"31, Haute-Garonne, Occitanie",31555,,,,31
Créatech,,DIY,PROTECTION,DIY/FABLAB,,ENTREPRISE,,,,,,,,,,,Toulouse,France,,,https://docs.google.com/spreadsheets/d/1AuFOZjWxkcBIKoZVbi31pURp7h0B0VY9O9Rmct-_KU4/edit?usp=sharing,,,JPy,,,OUI,30/03/2020,43.600568,1.433106,Toulouse,0.96,municipality,31555,,Toulouse,,31500,Toulouse,"31, Haute-Garonne, Occitanie",31555,,,,31
Makers & Co,,DIY,PROTECTION,DIY/FABLAB,,ENTREPRISE,,,,,,,,,3 rue rodolose,,Toulouse,France,,,https://docs.google.com/spreadsheets/d/1AuFOZjWxkcBIKoZVbi31pURp7h0B0VY9O9Rmct-_KU4/edit?usp=sharing,,,JPy,,,OUI,30/03/2020,43.600067,1.417775,3 Rue Rodolose 31300 Toulouse,0.97,housenumber,31555_7560_00003,3,Rue Rodolose,,31300,Toulouse,"31, Haute-Garonne, Occitanie",31555,,,,31
Le Rambot du Cactus,,DIY,PROTECTION,DIY/FABLAB,,ENTREPRISE,,,,,,,,,1 rue des Teinturiers,,Toulouse,France,,,https://docs.google.com/spreadsheets/d/1AuFOZjWxkcBIKoZVbi31pURp7h0B0VY9O9Rmct-_KU4/edit?usp=sharing,,,JPy,,,OUI,30/03/2020,43.596859,1.435929,1 Rue des Teinturiers 31300 Toulouse,0.97,housenumber,31555_8420_00001,1,Rue des Teinturiers,,31300,Toulouse,"31, Haute-Garonne, Occitanie",31555,,,,31
Roselab,,DIY,PROTECTION,DIY/FABLAB,,ENTREPRISE,,,,,,,,,55 avenue Louis Bréguet,,Toulouse,France,,,https://docs.google.com/spreadsheets/d/1AuFOZjWxkcBIKoZVbi31pURp7h0B0VY9O9Rmct-_KU4/edit?usp=sharing,,,JPy,,,OUI,30/03/2020,43.577057,1.479033,55 Avenue Louis Breguet 31400 Toulouse,0.97,housenumber,31555_5364_00055,55,Avenue Louis Breguet,,31400,Toulouse,"31, Haute-Garonne, Occitanie",31555,,,,31
MJC de St Jean,,DIY,PROTECTION,DIY/FABLAB,,ENTREPRISE,,,,05 32 09 67 60,,,,,,,Saint-Jean,France,,,https://docs.google.com/spreadsheets/d/1AuFOZjWxkcBIKoZVbi31pURp7h0B0VY9O9Rmct-_KU4/edit?usp=sharing,,,JPy,,,OUI,30/03/2020,41.93117,8.737845,Saint Jean 20090 Ajaccio,0.96,street,2a004_b224,,Saint Jean,,20090,Ajaccio,"2A, Corse-du-Sud, Corse",2A004,,,,2A
LabTop Innovation,,DIY,PROTECTION,DIY/FABLAB,,ENTREPRISE,,,,,,,,,,,Figarol,France,,,https://docs.google.com/spreadsheets/d/1AuFOZjWxkcBIKoZVbi31pURp7h0B0VY9O9Rmct-_KU4/edit?usp=sharing,,,JPy,,,OUI,30/03/2020,43.086482,0.905993,Figarol,0.93,municipality,31183,,Figarol,,31260,Figarol,"31, Haute-Garonne, Occitanie",31183,,,,31
Le Facteur Humain,,DIY,PROTECTION,DIY/FABLAB,,ENTREPRISE,,,,,,,,,,,Ayguesvives,France,,,https://docs.google.com/spreadsheets/d/1AuFOZjWxkcBIKoZVbi31pURp7h0B0VY9O9Rmct-_KU4/edit?usp=sharing,,,JPy,,,OUI,30/03/2020,43.42291,1.594675,Ayguesvives,0.94,municipality,31004,,Ayguesvives,,31450,Ayguesvives,"31, Haute-Garonne, Occitanie",31004,,,,31
Info@Lèze,,DIY,PROTECTION,DIY/FABLAB,,ENTREPRISE,,,,,,,,,,,Lagardelle-sur-Lèze,France,,,https://docs.google.com/spreadsheets/d/1AuFOZjWxkcBIKoZVbi31pURp7h0B0VY9O9Rmct-_KU4/edit?usp=sharing,,,JPy,,,OUI,30/03/2020,43.415164,1.393363,Lagardelle-sur-Lèze,0.94,municipality,31263,,Lagardelle-sur-Lèze,,31870,Lagardelle-sur-Lèze,"31, Haute-Garonne, Occitanie",31263,,,,31
La Bobine,,DIY,PROTECTION,DIY/FABLAB,,ENTREPRISE,,,,,,,,,,,Auch,France,,,https://docs.google.com/spreadsheets/d/1AuFOZjWxkcBIKoZVbi31pURp7h0B0VY9O9Rmct-_KU4/edit?usp=sharing,,,JPy,,,OUI,30/03/2020,43.661702,0.566383,Auch,0.95,municipality,32013,,Auch,,32000,Auch,"32, Gers, Occitanie",32013,,,,32
web 5,,DIY,PROTECTION,DIY/FABLAB,,ENTREPRISE,,http://fablab.web-5.org/,,,,,,,,,Béziers,France,,,https://docs.google.com/spreadsheets/d/1AuFOZjWxkcBIKoZVbi31pURp7h0B0VY9O9Rmct-_KU4/edit?usp=sharing,,,JPy,,,OUI,30/03/2020,43.347086,3.234367,Béziers,0.96,municipality,34032,,Béziers,,34500,Béziers,"34, Hérault, Occitanie",34032,,,,34
Partage Innov Saint-Pierre,,DIY,PROTECTION,DIY/FABLAB,,ENTREPRISE,,,Benoît Sijobert,,,,,,3 rue Ginies Mares,,Palavas-les-flots,France,,Benoît Sijobert,https://docs.google.com/spreadsheets/d/1AuFOZjWxkcBIKoZVbi31pURp7h0B0VY9O9Rmct-_KU4/edit?usp=sharing,,,JPy,,,OUI,30/03/2020,43.524939,3.926156,Rue Giniès Mares 34250 Palavas-les-Flots,0.89,street,34192_0225,,Rue Giniès Mares,,34250,Palavas-les-Flots,"34, Hérault, Occitanie",34192,,,,34
LabSud,,DIY,PROTECTION,DIY/FABLAB,,ENTREPRISE,,https://labsud.org/,"Mentzo de WINTER
",,,,,,120 allée John Napier,,Montpellier,France,,"Mentzo de WINTER
",https://docs.google.com/spreadsheets/d/1AuFOZjWxkcBIKoZVbi31pURp7h0B0VY9O9Rmct-_KU4/edit?usp=sharing,,,JPy,,,OUI,30/03/2020,43.615586,3.909807,120 Allée John Napier 34000 Montpellier,0.96,housenumber,34172_6023_00120,120,Allée John Napier,,34000,Montpellier,"34, Hérault, Occitanie",34172,,,,34
Num'n'Coop,,DIY,PROTECTION,DIY/FABLAB,,,,http://numncoop.fr/,Alban Tiberghien,04.48.25.00.23,,,,,12  rue Albert Einstien,,Mende,France,,Alban Tiberghien,https://docs.google.com/spreadsheets/d/1AuFOZjWxkcBIKoZVbi31pURp7h0B0VY9O9Rmct-_KU4/edit?usp=sharing,,,JPy,,,OUI,30/03/2020,44.528137,3.466734,12 Rue Albert Einstein 48000 Mende,0.77,housenumber,48095_0043_00012,12,Rue Albert Einstein,,48000,Mende,"48, Lozère, Occitanie",48095,,,,48
SquareGoLab,,DIY,PROTECTION,DIY/FABLAB,,,,,Joris Navarro,,,,,,,,Perpignan,France,,Joris Navarro,https://docs.google.com/spreadsheets/d/1AuFOZjWxkcBIKoZVbi31pURp7h0B0VY9O9Rmct-_KU4/edit?usp=sharing,,,JPy,,,OUI,30/03/2020,42.699556,2.902939,Perpignan,0.96,municipality,66136,,Perpignan,,66000,Perpignan,"66, Pyrénées-Orientales, Occitanie",66136,,,,66
"
Maillol Fablab
",,DIY,PROTECTION,DIY/FABLAB,,,,,Fabien Roca,pas de fixe,,,,,"73 Avenue Pau Casals  66000 Perpignan
",,Perpignan,France,,Fabien Roca,https://docs.google.com/spreadsheets/d/1AuFOZjWxkcBIKoZVbi31pURp7h0B0VY9O9Rmct-_KU4/edit?usp=sharing,,,JPy,,,OUI,30/03/2020,42.717366,2.886387,73 Avenue Pau Casals 66000 Perpignan,0.76,housenumber,66136_3761_00073,73,Avenue Pau Casals,,66000,Perpignan,"66, Pyrénées-Orientales, Occitanie",66136,,,,66
Fablab Sevigné,,DIY,PROTECTION,DIY/FABLAB,,,,,Pierre Dolle,pas de fixe,,,,,21 Avenue Fernand de Chefdebien  66000 Perpignan,,Perpignan,France,,Pierre Dolle,https://docs.google.com/spreadsheets/d/1AuFOZjWxkcBIKoZVbi31pURp7h0B0VY9O9Rmct-_KU4/edit?usp=sharing,,,JPy,,,OUI,30/03/2020,42.684004,2.885463,21 Avenue Fernand de Chefdebien 66000 Perpignan,0.8,housenumber,66136_1762_00021,21,Avenue Fernand de Chefdebien,,66000,Perpignan,"66, Pyrénées-Orientales, Occitanie",66136,,,,66
ACNE (AlbiLab),,DIY,PROTECTION,DIY/FABLAB,,,,,,pas de fixe,,,,,,,Albi,France,,,https://docs.google.com/spreadsheets/d/1AuFOZjWxkcBIKoZVbi31pURp7h0B0VY9O9Rmct-_KU4/edit?usp=sharing,,,JPy,,,OUI,30/03/2020,43.93114,2.150212,Albi,0.95,municipality,81004,,Albi,,81000,Albi,"81, Tarn, Occitanie",81004,,,,81
Fablab Carmaux,,DIY,PROTECTION,DIY/FABLAB,,,,,Brice Rey,,,,,,"Esplanade des Écoles
81400 Saint-Benoît-De-Carmaux ",,Carmaux,France,,Brice Rey,https://docs.google.com/spreadsheets/d/1AuFOZjWxkcBIKoZVbi31pURp7h0B0VY9O9Rmct-_KU4/edit?usp=sharing,,,JPy,,,OUI,30/03/2020,44.048796,2.133904,Esplanade des Ecoles 81400 Saint-Benoît-de-Carmaux,0.81,street,81244_0310,,Esplanade des Ecoles,,81400,Saint-Benoît-de-Carmaux,"81, Tarn, Occitanie",81244,,,,81
MontauLab,,DIY,PROTECTION,DIY/FABLAB,,,,,,,,,,,,,Montauban,France,,,https://docs.google.com/spreadsheets/d/1AuFOZjWxkcBIKoZVbi31pURp7h0B0VY9O9Rmct-_KU4/edit?usp=sharing,,,JPy,,,OUI,30/03/2020,44.022237,1.365479,Montauban,0.95,municipality,82121,,Montauban,,82000,Montauban,"82, Tarn-et-Garonne, Occitanie",82121,,,,82
Fablab Origami,,DIY,PROTECTION,DIY/FABLAB,,,,http://lab-origami.fr/,,05 63 28 10 36,,,,,15 Avenue Du Père Evariste Huc,,Caylus,France,,,https://docs.google.com/spreadsheets/d/1AuFOZjWxkcBIKoZVbi31pURp7h0B0VY9O9Rmct-_KU4/edit?usp=sharing,,,JPy,,,OUI,30/03/2020,44.236451,1.772012,15 Avenue du Père Evariste Huc 82160 Caylus,0.94,housenumber,82038_0080_00015,15,Avenue du Père Evariste Huc,,82160,Caylus,"82, Tarn-et-Garonne, Occitanie",82038,,,,82
Corfi 2 Rives,,DIY,PROTECTION,DIY/FABLAB,,,,https://www.mefi-2rives.fr/presentation,Alain Valeye,05 63 29 62 20,,,,,29 Avenue Jean Baylet,,Valence-d’Agen,France,,Alain Valeye,https://docs.google.com/spreadsheets/d/1AuFOZjWxkcBIKoZVbi31pURp7h0B0VY9O9Rmct-_KU4/edit?usp=sharing,,,JPy,,,OUI,30/03/2020,44.108659,0.894895,29 Avenue Jean Baylet 82400 Valence,0.76,housenumber,82186_0040_00029,29,Avenue Jean Baylet,,82400,Valence,"82, Tarn-et-Garonne, Occitanie",82186,,,,82
La Bobine,,DIY,PROTECTION,DIY/FABLAB,,,,https://www.la-bobine.fr/,Ilona,06 95 72 93 31,,,,,6 rue Roger Salengro,,Auch,France,,Ilona,https://docs.google.com/spreadsheets/d/1AuFOZjWxkcBIKoZVbi31pURp7h0B0VY9O9Rmct-_KU4/edit?usp=sharing,,,JPy,,,OUI,30/03/2020,43.666598,0.600594,6 Rue Roger Salengro 32000 Auch,0.95,housenumber,32013_3882_00006,6,Rue Roger Salengro,,32000,Auch,"32, Gers, Occitanie",32013,,,,32
D’Clic Lab  Les petits débrouillards 04,,DIY,PROTECTION,DIY/FABLAB,,ENTREPRISE,,,,04 92 70 67 09,,,,,,,,France,,,https://docs.google.com/spreadsheets/d/1AuFOZjWxkcBIKoZVbi31pURp7h0B0VY9O9Rmct-_KU4/edit?usp=sharing,,,JPy,,,OUI,30/03/2020,,,,,,,,,,,,,,,,,
Fab’Alpes,,DIY,PROTECTION,DIY/FABLAB,,ENTREPRISE,,,,,,,,,,,Gap,France,,,https://docs.google.com/spreadsheets/d/1AuFOZjWxkcBIKoZVbi31pURp7h0B0VY9O9Rmct-_KU4/edit?usp=sharing,,,JPy,,,OUI,30/03/2020,44.562221,6.076469,Gap,0.95,municipality,5061,,Gap,,5000,Gap,"05, Hautes-Alpes, Provence-Alpes-Côte d'Azur",5061,,,,05
NiceLab,,DIY,PROTECTION,DIY/FABLAB,,ENTREPRISE,,,,,,,,,,,Nice,France,,,https://docs.google.com/spreadsheets/d/1AuFOZjWxkcBIKoZVbi31pURp7h0B0VY9O9Rmct-_KU4/edit?usp=sharing,,,JPy,,,OUI,30/03/2020,43.712855,7.253866,Nice,0.96,municipality,6088,,Nice,,6300,Nice,"06, Alpes-Maritimes, Provence-Alpes-Côte d'Azur",6088,,,,06
Fablab Centrale,,DIY,PROTECTION,DIY/FABLAB,,ENTREPRISE,,,,,,,,,,13000,Marseille,France,,,https://docs.google.com/spreadsheets/d/1AuFOZjWxkcBIKoZVbi31pURp7h0B0VY9O9Rmct-_KU4/edit?usp=sharing,,,JPy,,,OUI,30/03/2020,43.2545,5.3722,Marseille,0.74,municipality,13055,,Marseille,,13001,Marseille,"13, Bouches-du-Rhône, Provence-Alpes-Côte d'Azur",13055,,,,13
Fabulerie,,DIY,PROTECTION,DIY/FABLAB,,ENTREPRISE,,https://lafabulerie.com/,,,,,,,,,Marseille,France,,,https://docs.google.com/spreadsheets/d/1AuFOZjWxkcBIKoZVbi31pURp7h0B0VY9O9Rmct-_KU4/edit?usp=sharing,,,JPy,,,OUI,30/03/2020,43.2545,5.3722,Marseille,0.97,municipality,13055,,Marseille,,13001,Marseille,"13, Bouches-du-Rhône, Provence-Alpes-Côte d'Azur",13055,,,,13
Laboratoire d’Aixpérimentation et de bidouille,,DIY,PROTECTION,DIY/FABLAB,,ENTREPRISE,,,,,,,,,,13080,Aix-en-Provence,France,,,https://docs.google.com/spreadsheets/d/1AuFOZjWxkcBIKoZVbi31pURp7h0B0VY9O9Rmct-_KU4/edit?usp=sharing,,,JPy,,,OUI,30/03/2020,43.54483,5.407348,Aix-en-Provence,0.79,municipality,13001,,Aix-en-Provence,,13090,Aix-en-Provence,"13, Bouches-du-Rhône, Provence-Alpes-Côte d'Azur",13001,,,,13
Innovation Lab,,DIY,PROTECTION,DIY/FABLAB,,ENTREPRISE,,,,,,,,,,83000,Toulon,France,,,https://docs.google.com/spreadsheets/d/1AuFOZjWxkcBIKoZVbi31pURp7h0B0VY9O9Rmct-_KU4/edit?usp=sharing,,,JPy,,,OUI,30/03/2020,43.136247,5.933602,Toulon,0.96,municipality,83137,,Toulon,,83000,Toulon,"83, Var, Provence-Alpes-Côte d'Azur",83137,,,,83
Lycée la tourrache,,DIY,PROTECTION,DIY/FABLAB,,ENTREPRISE,,,,,,,,,,83130,La Garde,France,,,https://docs.google.com/spreadsheets/d/1AuFOZjWxkcBIKoZVbi31pURp7h0B0VY9O9Rmct-_KU4/edit?usp=sharing,,,JPy,,,OUI,30/03/2020,43.128491,6.01454,La Garde,0.95,municipality,83062,,La Garde,,83130,La Garde,"83, Var, Provence-Alpes-Côte d'Azur",83062,,,,83
Association mode,,DIY,PROTECTION,DIY/FABLAB,,ENTREPRISE,,,Christelle BROCHET,,,,,,,83300,Draguignan,France,,Christelle BROCHET,https://docs.google.com/spreadsheets/d/1AuFOZjWxkcBIKoZVbi31pURp7h0B0VY9O9Rmct-_KU4/edit?usp=sharing,,,JPy,,,OUI,30/03/2020,43.53146,6.462122,Draguignan,0.95,municipality,83050,,Draguignan,,83300,Draguignan,"83, Var, Provence-Alpes-Côte d'Azur",83050,,,,83
AviLab,,DIY,PROTECTION,DIY/FABLAB,,ENTREPRISE,,,,,,,,,,84000,Avignon,France,,,https://docs.google.com/spreadsheets/d/1AuFOZjWxkcBIKoZVbi31pURp7h0B0VY9O9Rmct-_KU4/edit?usp=sharing,,,JPy,,,OUI,30/03/2020,43.938105,4.841454,Avignon,0.7,municipality,84007,,Avignon,,84140,Avignon,"84, Vaucluse, Provence-Alpes-Côte d'Azur",84007,,,,84
Gare Numérique,,DIY,PROTECTION,DIY/FABLAB,,ENTREPRISE,,,,,,,,,,84200,Carpentras,France,,,https://docs.google.com/spreadsheets/d/1AuFOZjWxkcBIKoZVbi31pURp7h0B0VY9O9Rmct-_KU4/edit?usp=sharing,,,JPy,,,OUI,30/03/2020,44.063311,5.058272,Carpentras,0.95,municipality,84031,,Carpentras,,84200,Carpentras,"84, Vaucluse, Provence-Alpes-Côte d'Azur",84031,,,,84
Deltalab,,DIY,PROTECTION,DIY/FABLAB,,ENTREPRISE,,https://deltalabprototype.fr/,Bernard Grossat,=+33 9 53 95 08 50 / +33 7 69 84 39 58,,,,,Maison Milon Le Vialle  2 place Émile Colongin,84600,Grillon,France,,Bernard Grossat,https://docs.google.com/spreadsheets/d/1AuFOZjWxkcBIKoZVbi31pURp7h0B0VY9O9Rmct-_KU4/edit?usp=sharing,,,JPy,,,OUI,30/03/2020,44.394041,4.931985,2 Chemin de l'Alencon 84600 Grillon,0.39,housenumber,84053_0033_00002,2,Chemin de l'Alencon,,84600,Grillon,"84, Vaucluse, Provence-Alpes-Côte d'Azur",84053,,,,84
La Fruitière Numérique,,DIY,PROTECTION,DIY/FABLAB,,ENTREPRISE,,,,09 67 46 07 40,,,,,,84160,Lourmarin,France,,,https://docs.google.com/spreadsheets/d/1AuFOZjWxkcBIKoZVbi31pURp7h0B0VY9O9Rmct-_KU4/edit?usp=sharing,,,JPy,,,OUI,30/03/2020,43.769095,5.3649,Lourmarin,0.94,municipality,84068,,Lourmarin,,84160,Lourmarin,"84, Vaucluse, Provence-Alpes-Côte d'Azur",84068,,,,84
La Bricotèque,,DIY,PROTECTION,DIY/FABLAB,,ENTREPRISE,,https://fablab-pernes.fr/,Olivier et Aurore,Pas de fixe,,,,,492 Cours Frizet  84210 Pernes-les-Fontaines,84210,Pernes les fontaines,France,,Olivier et Aurore,https://docs.google.com/spreadsheets/d/1AuFOZjWxkcBIKoZVbi31pURp7h0B0VY9O9Rmct-_KU4/edit?usp=sharing,,,JPy,,,OUI,30/03/2020,43.998535,5.05504,Cours Frizet 84210 Pernes-les-Fontaines,0.54,street,84088_0172,,Cours Frizet,,84210,Pernes-les-Fontaines,"84, Vaucluse, Provence-Alpes-Côte d'Azur",84088,,,,84
Ping,,DIY,PROTECTION,DIY/FABLAB,,ENTREPRISE,,https://www.pingbase.net/,,02 40 16 86 78,,,,,Pôle associatif du Breil  38 rue du Breil,44000,Nantes,France,,,https://docs.google.com/spreadsheets/d/1AuFOZjWxkcBIKoZVbi31pURp7h0B0VY9O9Rmct-_KU4/edit?usp=sharing,,,JPy,,,OUI,30/03/2020,47.229028,-1.584999,38 Rue du Breil 44100 Nantes,0.48,housenumber,44109_1213_00038,38,Rue du Breil,,44100,Nantes,"44, Loire-Atlantique, Pays de la Loire",44109,,,,44
Ar Vilin Don,,DIY,PROTECTION,DIY/FABLAB,,ENTREPRISE,,,,,,,,,,44170,Marsac-sur-don,France,,,https://docs.google.com/spreadsheets/d/1AuFOZjWxkcBIKoZVbi31pURp7h0B0VY9O9Rmct-_KU4/edit?usp=sharing,,,JPy,,,OUI,30/03/2020,47.593543,-1.693678,Marsac-sur-Don,0.94,municipality,44091,,Marsac-sur-Don,,44170,Marsac-sur-Don,"44, Loire-Atlantique, Pays de la Loire",44091,,,,44
cowork Notre-Dame,,DIY,PROTECTION,DIY/FABLAB,,ENTREPRISE,,http://www.coworking-france.com/espace-coworking/cowork-notre-dame/,,07 83 13 90 63,,,,,92 Rue des Colibris,44430,Le Loroux-Bottereau,France,,,https://docs.google.com/spreadsheets/d/1AuFOZjWxkcBIKoZVbi31pURp7h0B0VY9O9Rmct-_KU4/edit?usp=sharing,,,JPy,,,OUI,30/03/2020,47.238187,-1.3557,Rue des Colibris 44430 Le Loroux-Bottereau,0.89,street,44084_0205,,Rue des Colibris,,44430,Le Loroux-Bottereau,"44, Loire-Atlantique, Pays de la Loire",44084,,,,44
Sciences & Bidouilles,,DIY,PROTECTION,DIY/FABLAB,,ENTREPRISE,,,,,,,,,28 rue de la picotiere,49100,Angers,France,,,https://docs.google.com/spreadsheets/d/1AuFOZjWxkcBIKoZVbi31pURp7h0B0VY9O9Rmct-_KU4/edit?usp=sharing,,,JPy,,,OUI,30/03/2020,47.466953,-0.596913,28 Rue de la Picotière 49000 Angers,0.86,housenumber,49007_6158_00028,28,Rue de la Picotière,,49000,Angers,"49, Maine-et-Loire, Pays de la Loire",49007,,,,49
Le Boc@l - Bricole Locale,,DIY,PROTECTION,DIY/FABLAB,,ENTREPRISE,,https://bocal.csc49.fr/,Yvan Godereau,241305055,,,,,5 Rue de la Gabardière  Chemillé-en-Anjou,49120,Chemillé-en-Anjou,France,,Yvan Godereau,https://docs.google.com/spreadsheets/d/1AuFOZjWxkcBIKoZVbi31pURp7h0B0VY9O9Rmct-_KU4/edit?usp=sharing,,,JPy,,,OUI,30/03/2020,47.216912,-0.727681,5 Rue de la Gabardière 49120 Chemillé-en-Anjou,0.69,housenumber,49092_0561_00005,5,Rue de la Gabardière,,49120,Chemillé-en-Anjou,"49, Maine-et-Loire, Pays de la Loire",49092,49092,Chemillé,,49
eMode,,DIY,PROTECTION,DIY/FABLAB,,ENTREPRISE,,,,,,,,,20 rue du Carteron,49300,Cholet,France,,,https://docs.google.com/spreadsheets/d/1AuFOZjWxkcBIKoZVbi31pURp7h0B0VY9O9Rmct-_KU4/edit?usp=sharing,,,JPy,,,OUI,30/03/2020,47.048167,-0.869625,20 Rue du Carteron 49300 Cholet,0.96,housenumber,49099_0956_00020,20,Rue du Carteron,,49300,Cholet,"49, Maine-et-Loire, Pays de la Loire",49099,49099,Cholet,,49
Les Amis du Ludylab,,DIY,PROTECTION,DIY/FABLAB,,ENTREPRISE,,https://www.ludylab.fr/,,02 51 63 94 90,,,,,2 rue du Bocage - Chambretaud,85500,Chanverrie,France,,,https://docs.google.com/spreadsheets/d/1AuFOZjWxkcBIKoZVbi31pURp7h0B0VY9O9Rmct-_KU4/edit?usp=sharing,,,JPy,,,OUI,30/03/2020,46.922565,-0.962397,2 Rue du Bocage (Chambretaud) 85500 Chanverrie,0.94,housenumber,85048_0015_00002,2,Rue du Bocage (Chambretaud),,85500,Chanverrie,"85, Vendée, Pays de la Loire",85302,85048,Chambretaud,,85